CUS-0000,,,
CID Header,5,000h,
1,FW Revision Field  (8B)-vendor control,SVN0037,str,008h,0,64,text,1,(null),
1,LS Revision Field (8B)-vendor control,LS-Q0818,str,0A8h,0,64,text,1,(null),
1,Vendor Specific Field(64B)-customization area,vendor_specific_vendor_specific_vendor_specific_vendor_specific_,str,0C0h,0,512,text,1,(null),
1,Serial Num Field (20B)-vendor control,serial_numserial_num,str,10Ch,0,160,text,1,(null),
1,Model Num Field (40B)-vendor control,SMI2262BiCS,str,128h,0,320,text,1,(null),
Legacy,38,180h,
1,Enable Read look ahead,1h,hex,000h,6,1,check,2,1h/Enable,0h/Disable,
1,Enable SLC to SLC,1h,hex,000h,5,1,check,2,1h/Enable SLC to SLC ,0h/Disable SLC to SLC ,
1,EnEarlyMove/Retire,1h,hex,000h,4,1,check,2,1h/Enable Early Move Retire to the threshold of ECC error bits,0h/Disable Early Move Retire to the threshold of ECC error bits,
1,Snap Read,0h,hex,000h,3,1,check,2,1h/Enable Snap Read,0h/Disable Snap Read,
1,Make bad once soft-dec fail,0h,hex,001h,7,1,check,2,1h/Enable,0h/Disable,
1,gbMaskExtReset,1h,hex,001h,6,1,check,2,1h/Enable,0h/Disable,
1,Enable Flash Cache Prog_SLC,1h,hex,001h,1,1,drop,2,0h/Controller will use Program Page(0x10) for NAND,1h/ Controller will use Program Page Cache(0x15) for NAND,
1,Erase Map When VP Mismatch,0h,hex,002h,6,1,check,2,1h/Enable,0h/Disable,
1,Express Read,0h,hex,002h,5,1,check,2,1h/Enable,0h/Disable,
1,Flash Cache Read,0h,hex,002h,4,1,check,2,1h/Enable,0h/Disable,
1,UART Rx Trigger(Do not Enable on KBL platform),0h,hex,002h,3,1,check,2,1h/Enable UART Rx Trigger,0h/Disable UART Rx Trigger,
1,Level indicator SoftDecode,0h,hex,002h,2,1,check,2,1h/Enable Level indicator softdecode,0h/Disable Level indicator softdecode,
1,OutputUART(Enable UART will ignore UART Rx Trigger item),0h,hex,002h,0,1,check,2,1h/Enable output debug message to UART(Rx Trigger will be enabled),0h/Disable output debug message to UART,
1,Enable Flash Cache Prog_TLC,0h,hex,003h,3,1,drop,2,0h/Controller will use Program Page(0x10) for NAND,1h/ Controller will use Program Page Cache(0x15) for NAND,
1,Read Ahead Continute Threshold,5,dec,005h,0,8,text,1,(null),
1,max program ce cnt per ch_SLC,8,dec,006h,0,8,text,1,(null),
1,(SMI internal only) Detect Swap Time Out (sec),0,dec,008h,0,8,text,1,(null),
1,Max Wear Leveling Block Num,1,dec,00Bh,0,8,text,1,Indicate the max block number processed by wear leveling function concurrently.,
1,max program ce cnt per ch_TLC,8,dec,00Dh,0,8,text,1,(null),
1,Erase Retry Count,0,dec,01Dh,0,4,text,1,Indicate retry count to erase a block (0~15),
1,GPIO-P1.2 for Erase Unit,0h,hex,026h,6,1,check,2,1h/Enable,0h/Disable,
1,ECC Bit Count for Early Move,255,dec,02Ah,0,8,text,1,(null),
1,ECC Bit Count for Early Retire,255,dec,02Bh,0,8,text,1,(null),
1,SSGSTH_closeTLC,51111,dec,030h,0,16,text,1,SSGSTH_closeTLC,
1,SSGSTH_openTLC,25555,dec,032h,0,16,text,1,SSGSTH_openTLC,
1,SSGSTH_closeTLC_allDie,51111,dec,034h,0,16,text,1,SSGSTH_closeTLC_allDie,
1,SSGSTH_openTLC_allDie,25555,dec,036h,0,16,text,1,SSGSTH_openTLC_allDie,
1,RdCnt PerDie TH_closeTLC,3000,dec,038h,0,16,text,1,RdCnt PerDie TH_closeTLC,
1,RdCnt PerDie TH_openTLC,1500,dec,03Ah,0,16,text,1,RdCnt PerDie TH_openTLC,
1,RdCnt PerDie TH_closeSLC,10000,dec,03Ch,0,16,text,1,RdCnt PerDie TH_closeSLC,
1,RdCnt PerDie TH_openSLC,2000,dec,03Eh,0,16,text,1,RdCnt PerDie TH_openSLC,
1,Host Dram Cached data flush Idle time (ms),10,dec,046h,0,8,text,0,
1,Retry Iteration,2,dec,04Eh,0,8,text,1,Retry Iteration,
1,EarlyMoveRdCnt,600,dec,059h,0,16,text,1,EarlyMoveRdCnt,
1,EarlyMoveRdCnt_SLC,10000,dec,05Bh,0,16,text,1,EarlyMoveRdCnt_SLC,
1,SLC Background Clean Start Percentage,20,dec,060h,0,16,text,1,As the sum of Empty and Spare  SLC blocks are less than this field. the system will check whether the system idle time is longer than the assigned threshold,
1,Host idle time for background work start (ms),50,dec,062h,0,16,text,1,As the system idle time is longer than this field under the circumstance that the sum of Empty and Spare  SLC blocks are less than the assigned threshold. the system will enter clean mode,
1,SLC Background Clean Stop Percentage,70,dec,064h,0,16,text,1,As the sum of Empty and Spare  SLC blocks are more than this field. the system will get ou of the clean mode,
PCIe,47,200h,
1,PCI Vendor ID,126Fh,hex,000h,0,16,text,1,Indicates the company vendor assigned by the PCI SIG. This field is related to ID.VID,
1,Device ID,2262h,hex,002h,0,16,text,1,Indicates the device number assigned by the vendor. This field is related to ID.DID,
1,LTR L0 Entry - Max Snoop LatencyValue of ACTIVE LTR,46h,hex,004h,0,10,text,1,Along with the Max No-noop LatencyScale field. this register specifies the maximum no-snoop latency that a device is permitted to request. Software should set this to the platform's maximum supported latency or less.,
1,LTR L0 Entry - Max Snoop LatencyScale of ACTIVE LTR,2h,hex,004h,10,3,drop,6,0h/Value times 1 ns,1h/Value times 32 ns,2h/Value times 1024 ns,3h/Value times 32768 ns,4h/Value times 1048576 ns,5h/Value times 33554432 ns,
1,LTR L0 Entry - Snoop Latency Requirement,0h,hex,004h,15,1,drop,2,0h/No Requirement,1h/Requirement,
1,LTR L0 Entry - Max No-Snoop LatencyValue of ACTIVE LTR,46h,hex,004h,16,10,text,1,Along with the Max No-noop LatencyScale field. this register specifies the maximum no-snoop latency that a device is permitted to request. Software should set this to the platform's maximum supported latency or less.,
1,LTR L0 Entry - Max No-Snoop LatencyScale of ACTIVE LTR,2h,hex,004h,26,3,drop,6,0h/Value times 1 ns,1h/Value times 32 ns,2h/Value times 1024 ns,3h/Value times 32768 ns,4h/Value times 1048576 ns,5h/Value times 33554432 ns,
1,LTR L0 Entry - No Snoop Latency Requirement,0h,hex,004h,31,1,drop,2,0h/No Requirement,1h/Requirement,
1,LTR L1 Entry - Max Snoop LatencyValue of ACTIVE LTR,1f4h,hex,008h,0,10,text,1,Along with the Max No-noop LatencyScale field. this register specifies the maximum no-snoop latency that a device is permitted to request. Software should set this to the platform's maximum supported latency or less.,
1,LTR L1 Entry - Max Snoop LatencyScale of ACTIVE LTR,2h,hex,008h,10,3,drop,6,0h/Value times 1 ns,1h/Value times 32 ns,2h/Value times 1024 ns,3h/Value times 32768 ns,4h/Value times 1048576 ns,5h/Value times 33554432 ns,
1,LTR L1 Entry - Snoop Latency Requirement,1h,hex,008h,15,1,drop,2,0h/No Requirement,1h/Requirement,
1,LTR L1 Entry - Max No-Snoop LatencyValue of ACTIVE LTR,1f4h,hex,008h,16,10,text,1,Along with the Max No-noop LatencyScale field. this register specifies the maximum no-snoop latency that a device is permitted to request. Software should set this to the platform's maximum supported latency or less.,
1,LTR L1 Entry - Max N0-Snoop LatencyScale of ACTIVE LTR,2h,hex,008h,26,3,drop,6,0h/Value times 1 ns,1h/Value times 32 ns,2h/Value times 1024 ns,3h/Value times 32768 ns,4h/Value times 1048576 ns,5h/Value times 33554432 ns,
1,LTR L1 Entry - No Snoop Latency Requirement,1h,hex,008h,31,1,drop,2,0h/No Requirement,1h/Requirement,
1,LTR L1.2 Entry - Max Snoop LatencyValue of ACTIVE LTR,5h,hex,00Ch,0,10,text,1,Along with the Max No-noop LatencyScale field. this register specifies the maximum no-snoop latency that a device is permitted to request. Software should set this to the platform's maximum supported latency or less.,
1,LTR L1.2 Entry - Max Snoop LatencyScale of ACTIVE LTR,4h,hex,00Ch,10,3,drop,6,0h/Value times 1 ns,1h/Value times 32 ns,2h/Value times 1024 ns,3h/Value times 32768 ns,4h/Value times 1048576 ns,5h/Value times 33554432 ns,
1,LTR L1.2 Entry - Snoop Latency Requirement,0h,hex,00Ch,15,1,drop,2,0h/No Requirement,1h/Requirement,
1,LTR L1.2 Entry - Max No-Snoop LatencyValue of ACTIVE LTR,5h,hex,00Ch,16,10,text,1,Along with the Max No-noop LatencyScale field. this register specifies the maximum no-snoop latency that a device is permitted to request. Software should set this to the platform's maximum supported latency or less.,
1,LTR L1.2 Entry - Max No-Snoop LatencyScale of ACTIVE LTR,4h,hex,00Ch,26,3,drop,6,0h/Value times 1 ns,1h/Value times 32 ns,2h/Value times 1024 ns,3h/Value times 32768 ns,4h/Value times 1048576 ns,5h/Value times 33554432 ns,
1,LTR L1.2 Entry - No Snoop Latency Requirement,0h,hex,00Ch,31,1,drop,2,0h/No Requirement,1h/Requirement,
1,UEFI OROM,1h,hex,010h,0,1,check,2,0h/UEFI OROM Enabled,1h/UEFI OROM Disable,
1,Timer 0 (L1),1h,hex,010h,4,1,check,2,1h/Enable,0h/Disable,
1,Timer 1 (L1.2),1h,hex,010h,5,1,check,2,1h/Enable,0h/Disable,
1,Max_Payload_Size Supported,0h,hex,012h,0,3,drop,3,0h/128 bytes max payload size,1h/256 bytes max payload size,2h/512 bytes max payload size,
1,Endpoint L0s Acceptable Latency,7h,hex,012h,6,3,drop,8,0h/Maximum of 64 ns,1h/Maximum of 128 ns,2h/Maximum of 256 ns,3h/Maximum of 512 ns,4h/Maximum of 1 us,5h/Maximum of 2 us,6h/Maximum of 4 us,7h/No limit,
1,Endpoint L1 Acceptable Latency,7h,hex,012h,9,3,drop,8,0h/Maximum of 1 us,1h/Maximum of 2 us,2h/Maximum of 4 us,3h/Maximum of 8 us,4h/Maximum of 16 us,5h/Maximum of 32 us,6h/Maximum of 64 us,7h/No limit,
1,Maximum Link Speed,3h,hex,014h,0,4,drop,7,1h/Supported Link Speeds Vector field bit 0(gen1),2h/Supported Link Speeds Vector field bit 1(gen2),3h/Supported Link Speeds Vector field bit 2(gen3),4h/Supported Link Speeds Vector field bit 3,5h/Supported Link Speeds Vector field bit 4,6h/Supported Link Speeds Vector field bit 5,7h/Supported Link Speeds Vector field bit 6,
1,Maximum Link Width,4h,hex,014h,4,6,drop,3,1h/x1,2h/x2,4h/x4,
1,Active State Power Management Support,2h,hex,014h,10,2,drop,4,0h/No ASPM Support,1h/L0s Supported,2h/L1 Supported,3h/L0s and L1 Supported,
1,L0s Exit Latency,4h,hex,014h,12,3,drop,8,0h/Less than 64 ns,1h/64 ns to less than 128 ns,2h/128 ns to less than 256 ns,3h/256 ns to less than 512 ns,4h/512 ns to less than 1 us,5h/1 us to less than 2 us,6h/2 us to less than 4 us,7h/More than 4 us,
1,L1 Exit Latency,3h,hex,014h,15,3,drop,8,0h/Less than 1us,1h/1 us to less than 2 us,2h/2 us to less than 4 us,3h/4 us to less than 8 us,4h/8 us to less than 16 us,5h/16 us to less than 32 us,6h/32 us to less than 64 us,7h/More than 64 us,
1,Clock Power Management,1h,hex,014h,18,1,drop,2,1h/the component tolerates the removal of any reference clock(s) via the clock request (CLKREQ#) mechanism when the Link is in the L1 and L2/L3 Ready Link states.,0h/the component does not have this capability and that reference clock(s) must not be removed in these Link states.,
1,MSI-X Table Size(Max is Fh),Fh,hex,01Ch,0,11,text,1,MSI-X Table Size N which is encoded as N-1.,
1,ECRC Generation Capable,1h,hex,01Fh,5,1,check,2,1h/Enable ECRC Generation Capable,0h/Disable ECRC Generation Capable,
1,ECRC Check Capable,1h,hex,01Fh,7,1,check,2,1h/Enable ECRC Check Capable,0h/Disable ECRC Check Capable,
1,ASPM L1.x on operation power state,1h,hex,020h,0,1,check,2,1h/Enable,0h/Disable,
1,ASPM PM L1.2 Supported ,1h,hex,020h,2,1,check,2,1h/Enable,0h/Disable,
1,ASPM PM L1.1 Supported ,1h,hex,020h,3,1,check,2,1h/Enable,0h/Disable,
1,L1.2 Entrance Idle timer (ms),40h,hex,024h,0,16,text,0,
1,L0s Entrance Latency,6h,hex,024h,24,3,drop,7,0h/1us,1h/2us,2h/3us,3h/4us,4h/5us,5h/6us,6h/7us,
1,L1 Entrance Latency,4h,hex,024h,27,3,drop,7,0h/1us,1h/2us,2h/4us,3h/8us,4h/16us,5h/32us,6h/64us,
1,LTR L1 LTR MSG TIMER (0.983040 msec/unit),0h,hex,028h,0,16,text,0,
1,LTR L1.2 LTR MSG TIMER,0h,hex,028h,16,16,text,0,
1,Pin-base for Admin,0h,hex,02Ch,0,1,check,2,1h/Enable,0h/Disable,
1,Pin-base for IO,0h,hex,02Ch,1,1,check,2,1h/Enable,0h/Disable,
1,Subsystem Vendor ID (SSVID),126Fh,hex,030h,0,16,text,1,Indicates the sub-system vendor identifier,
1,Subsystem ID (SSID),2262h,hex,032h,0,16,text,1,Indicates the sub-system identifier.,
NVMe,59,240h,
1,Optional Admin Command Support (OACS) - Format NVM command,1h,hex,000h,1,1,check,2,1h/Enable,0h/Disable,
1,Optional Admin Command Support (OACS) - Firmware Commit/Firmware Image Download commands,1h,hex,000h,2,1,check,2,1h/Enable,0h/Disable,
1,Optional Admin Command Support (OACS) - Device Self-Test,1h,hex,000h,4,1,check,2,1h/Enable,0h/Disable,
1,Abort Command Limit (ACL),4h,hex,002h,0,8,text,0,
1,Asynchronous Event Request Limit (AERL),7h,hex,003h,0,8,text,0,
1,Log Page Attributes (LPA) - SMART on a per NS basis,1h,hex,005h,0,1,check,2,1h/Enable,0h/Disable,
1,Log Page Attributes (LPA) - Command Effects log page,1h,hex,005h,1,1,check,2,1h/Enable,0h/Disable,
1,Log Page Attributes (LPA) - Extended data support,1h,hex,005h,2,1,check,2,1h/Enable,0h/Disable,
1,Log Page Attributes (LPA) - Telemetry Log Pages support,1h,hex,005h,3,1,check,2,1h/Enable,0h/Disable,
1,Number of Power States Support (NPSS),4h,hex,007h,0,8,text,0,
1,Autonomous Power State Transition Attributes (APSTA),1h,hex,008h,0,1,check,2,1h/Enable,0h/Disable,
1,Optional NVM Command Support (ONCS) - Compare command,1h,hex,009h,0,1,check,2,1h/Enable,0h/Disable,
1,Optional NVM Command Support (ONCS) - Write Uncorrectable,1h,hex,009h,1,1,check,2,1h/Enable,0h/Disable,
1,Optional NVM Command Support (ONCS) - Dataset Management command,1h,hex,009h,2,1,check,2,1h/Enable,0h/Disable,
1,Optional NVM Command Support (ONCS) - Write Zeroes command,1h,hex,009h,3,1,check,2,1h/Enable,0h/Disable,
1,Optional NVM Command Support (ONCS) - Save field and the Select field,1h,hex,009h,4,1,check,2,1h/Enable,0h/Disable,
1,Optional NVM Command Support (ONCS) - Timestamp feature,1h,hex,009h,6,1,check,2,1h/Enable,0h/Disable,
1,Warning Composite Temperature Threshold (WCTEMP)(in degree K),157h,hex,00Ah,0,16,text,1,In degree Kelvin,
1,Critical Composite Temperature Threshold (CCTEMP)(in degree K),161h,hex,00Ch,0,16,text,1,In degree Kelvin,
1,Controller Capabilities - Maximum Queue Entries Supported (MQES),3FFFh,hex,010h,0,16,text,0,
1,Controller Capabilities - Timeout (TO),78h,hex,010h,24,8,text,0,
1,Controller Capabilities - Memory Page Size Minimum,0h,hex,010h,48,4,text,0,
1,Controller Capabilities - Memory Page Size Maximum,1h,hex,010h,52,4,text,0,
1,Volatile Write Cache (VWC),1h,hex,028h,0,1,check,2,1h/Enable,0h/Disable,
1,Recommended Arbitration Burst (RAB),6h,hex,029h,0,8,text,0,
1,VID,126Fh,hex,02Ah,0,16,text,0,
1,SSVID,126Fh,hex,02Ch,0,16,text,0,
1,Maximum Data Transfer Size (MDTS) (2^n * 4KB),6h,hex,02Eh,0,8,text,0,
1,Format NVM Attributes (FNA) - Format namespaces,0h,hex,02Fh,0,1,drop,2,1h/all namespaces shall be configured with the same attributes and a format of any namespace results in a format of all namespaces,0h/the controller supports format on a per namespace basis,
1,Format NVM Attributes (FNA) - Cryptographic erase per namespace,0h,hex,02Fh,1,1,drop,2,1h/A cryptographic(or user data) erase of a particular namespace as part of a format results in a cryptographic (or user data) erase of all namespaces.,0h/A cryptographic erase or user data erase as part of a format is performed on a per namespace basis.,
1,Version (VER),00010201h,hex,030h,0,32,text,0,
1,RTD3 Resume Latency (RTD3R) (us),500000,dec,034h,0,32,text,0,
1,RTD3 Entry Latency (RTD3E) (us),2000000,dec,038h,0,32,text,0,
1,Maximum Time for Firmware Activation (MTFA)(Not support in PS),32h,hex,03Eh,0,16,text,0,
1,PS4 Flash power down Time (ms),5,dec,042h,0,8,text,0,
1,Ignore NSID In IdentifyNamespace(CSSD-2069),0h,hex,043h,0,1,check,2,1h/Enable,0h/Disable,
1,Ignore NSID In Identify Controller(CSSD-2069),1h,hex,043h,1,1,check,2,1h/Enable,0h/Disable,
1,Minimum Thermal Management Temperature,12Fh,hex,044h,0,16,text,0,
1,Maximum Thermal Management Temperature,15Ch,hex,046h,0,16,text,0,
1,Compliance Test Control NVMe,1h,hex,048h,0,1,drop,2,1h/NVMe1.3,0h/NVMe1.2,
1,Compliance Test Control IOL7.0a,0h,hex,048h,1,1,check,2,1h/Enable,0h/Disable,
1,Compliance Test Control PCIe,1h,hex,048h,2,1,drop,2,1h/PCIe3.0,0h/PCIe3.1,
1,Asynchronous Event Configuration-SMART Spare TH,1h,hex,049h,0,1,check,2,1h/Enable,0h/Disable,
1,Asynchronous Event Configuration-SMART Temp TH,1h,hex,049h,1,1,check,2,1h/Enable,0h/Disable,
1,Asynchronous Event Configuration-NVM Reliability,1h,hex,049h,2,1,check,2,1h/Enable,0h/Disable,
1,Asynchronous Event Configuration-Read Only Mode,1h,hex,049h,3,1,check,2,1h/Enable,0h/Disable,
1,PS3 stay time in TwoLevelPS4,0,dec,04Ah,0,16,text,0,
1,IEEE OUI Identifier (IEEE),0h,hex,04Dh,0,24,text,0,
1,Namespace Globally Unique Identifier (NGUID),00000000000000000000000000000000h,hex,050h,0,128,text,0,
1,IEEE Extended Unique Identifier (EUI64),0000000000000000h,hex,060h,0,64,text,0,
1,PS4 Maximum Power (MP),40,dec,068h,0,16,text,0,
1,PS4 Max Power Scale (MXPS),1h,hex,06Ah,0,1,drop,2,1h/0.0001Watts,0h/0.01Watts,
1,PS4 Entry Latency (ENLAT),6000,dec,06Ch,0,32,text,0,
1,PS4 Exit Latency (EXLAT),8000,dec,070h,0,32,text,0,
1,Short Device Self-test Scan Region Number (K),128,dec,074h,0,8,text,0,
1,Extended Device Self-test Scan Region Number (K),128,dec,075h,0,8,text,0,
1,Number of Queues - Controls the return value of Set Feature - Number of Queues command (zero based 0 ~ 15),15,dec,076h,0,4,text,0,
1,Allow NSID 1 for DST log (LID 0x6 and 0xC8),0h,hex,077h,0,1,check,2,1h/Enable,0h/Disable,
1,Supported FUA Command,1h,hex,078h,0,8,check,2,1h/Enable,0h/Disable,
PHY A1,80,2C0h,
1,G3 SRIS/SRNS STEP,0dh,hex,000h,0,5,text,0,
1,G3 SRIS/SRNS SMIN,10h,hex,001h,0,6,text,0,
1,G3 SRIS/SRNS SMAX,37h,hex,002h,0,6,text,0,
1,G1/G2 SRIS/SRNS STEP,15h,hex,003h,0,5,text,0,
1,G1/G2 SRIS/SRNS SMIN,10h,hex,004h,0,6,text,0,
1,G1/G2 SRIS/SRNS SMAX,37h,hex,005h,0,6,text,0,
1,G3 Normal TxSwing,14h,hex,006h,0,5,text,0,
1,G2 Normal TxSwing,14h,hex,007h,0,5,text,0,
1,G1 Normal TxSwing,14h,hex,008h,0,5,text,0,
1,DEEMPH_MANUAL,0h,hex,009h,4,1,check,2,1h/Enable,0h/Disable,
1,G3 DM0,0h,hex,00Ah,0,4,text,0,
1,G3 DM1,4h,hex,00Bh,0,5,text,0,
1,G3 DM2,0Eh,hex,00Ch,0,5,text,0,
1,G2 DM0,0h,hex,00Dh,0,4,text,0,
1,G2 DM1,0h,hex,00Eh,0,5,text,0,
1,G2 DM2,14h,hex,00Fh,0,5,text,0,
1,G1 DM0,0h,hex,010h,0,4,text,0,
1,G1 DM1,0h,hex,011h,0,5,text,0,
1,G1 DM2,Dh,hex,012h,0,5,text,0,
1,G3 KD,0h,hex,013h,0,4,text,0,
1,G3 KP,6h,hex,014h,0,8,text,0,
1,G3 KI,0h,hex,015h,0,8,text,0,
1,G2 KD,2h,hex,016h,0,4,text,0,
1,G2 KP,8h,hex,017h,0,8,text,0,
1,G2 KI,0h,hex,018h,0,8,text,0,
1,G1 KD,3h,hex,019h,0,4,text,0,
1,G1 KP,Ch,hex,01Ah,0,8,text,0,
1,G1 KI,0h,hex,01Bh,0,8,text,0,
1,Manual_Use_RX_COEF,0h,hex,01Ch,0,5,text,0,
1,G3 EQR,6h,hex,01Dh,0,5,text,0,
1,G3 EQC,Bh,hex,01Eh,0,4,text,0,
1,G3 TAP1,20h,hex,01Fh,0,6,text,0,
1,G3 TAP2,10h,hex,020h,0,5,text,0,
1,G3 TAP3,10h,hex,021h,0,5,text,0,
1,G2 EQR,0h,hex,022h,0,5,text,0,
1,G2 EQC,0Fh,hex,023h,0,4,text,0,
1,G2 TAP1,20h,hex,024h,0,6,text,0,
1,G2 TAP2,10h,hex,025h,0,5,text,0,
1,G2 TAP3,10h,hex,026h,0,5,text,0,
1,G1 EQR,0h,hex,027h,0,5,text,0,
1,G1 EQC,0Fh,hex,028h,0,4,text,0,
1,G1 TAP1,20h,hex,029h,0,6,text,0,
1,G1 TAP2,10h,hex,02Ah,0,5,text,0,
1,G1 TAP3,10h,hex,02Bh,0,5,text,0,
1,Normal Mode MAX,01h,hex,02Ch,0,4,text,0,
1,SRIS/SRNS MAX,0Bh,hex,02Dh,0,4,text,0,
1,SQA_OFFSET,07h,hex,02Eh,0,5,text,0,
1,PLL VVCO,08h,hex,02Fh,0,4,text,0,
1,KD MANUAL_enable,0h,hex,030h,0,1,check,2,1h/Enable,0h/Disable,
1,KD,0h,hex,031h,0,4,text,0,
1,KP MANUAL_enable,0h,hex,030h,1,1,check,2,1h/Enable,0h/Disable,
1,KP,Eh,hex,032h,0,8,text,0,
1,KP for G3 loopback,6h,hex,033h,0,8,text,0,
1,KI MANUAL_enable,0h,hex,030h,2,1,check,2,1h/Enable,0h/Disable,
1,KI,0h,hex,034h,0,8,text,0,
1,MANUAL EQR_enable,0h,hex,030h,3,1,check,2,1h/Enable,0h/Disable,
1,EQR,0h,hex,035h,0,5,text,0,
1,MANUAL EQC_enable,0h,hex,030h,4,1,check,2,1h/Enable,0h/Disable,
1,EQC,Ch,hex,036h,0,4,text,0,
1,MANUAL TAP1_enable,0h,hex,030h,5,1,check,2,1h/Enable,0h/Disable,
1,TAP1,20h,hex,037h,0,6,text,0,
1,MANUAL TAP2_enable,0h,hex,030h,6,1,check,2,1h/Enable,0h/Disable,
1,TAP2,10h,hex,038h,0,5,text,0,
1,MANUAL TAP3_enable,0h,hex,030h,7,1,check,2,1h/Enable,0h/Disable,
1,TAP3,10h,hex,039h,0,5,text,0,
1,PresetValueEQphase2_P0,0h,hex,03Ah,0,1,check,2,1h/Enable,0h/Disable,
1,PresetValueEQphase2_P1,0h,hex,03Ah,1,1,check,2,1h/Enable,0h/Disable,
1,PresetValueEQphase2_P2,0h,hex,03Ah,2,1,check,2,1h/Enable,0h/Disable,
1,PresetValueEQphase2_P3,1h,hex,03Ah,3,1,check,2,1h/Enable,0h/Disable,
1,PresetValueEQphase2_P4,1h,hex,03Ah,4,1,check,2,1h/Enable,0h/Disable,
1,PresetValueEQphase2_P5,1h,hex,03Ah,5,1,check,2,1h/Enable,0h/Disable,
1,PresetValueEQphase2_P6,0h,hex,03Ah,6,1,check,2,1h/Enable,0h/Disable,
1,PresetValueEQphase2_P7,1h,hex,03Ah,7,1,check,2,1h/Enable,0h/Disable,
1,PresetValueEQphase2_P8,1h,hex,03Ah,8,1,check,2,1h/Enable,0h/Disable,
1,PresetValueEQphase2_P9,0h,hex,03Ah,9,1,check,2,1h/Enable,0h/Disable,
1,PresetValueEQphase2_P10,0h,hex,03Ah,10,1,check,2,1h/Enable,0h/Disable,
1,EarlyPCIeReset,1h,hex,03Ah,15,1,check,2,1h/Enable,0h/Disable,
1,Hang Drive if PHY setting error,1h,hex,03Ch,0,1,check,2,1h/Enable,0h/Disable,
1,delay between PHY reg access(CPU delay count),100,dec,03Dh,0,8,text,0,
1,L0s RX Off,0h,hex,03Fh,0,1,check,2,1h/Enable,0h/Disable,
SEC,8,300h,
1,AES ,0h,hex,000h,0,1,check,2,1h/Enable,0h/Disable,
1,OPAL,0h,hex,001h,0,1,check,2,1h/Enable,0h/Disable,
1,eDrive,0h,hex,001h,1,1,check,2,1h/Enable,0h/Disable,
1,Pyrite,0h,hex,001h,2,1,check,2,1h/Enable,0h/Disable,
1,Opalite,0h,hex,001h,3,1,check,2,1h/Enable,0h/Disable,
1,ATAPassThrough,0h,hex,001h,4,1,check,2,1h/Enable,0h/Disable,
1,PSID(32B),PSIDPSIDPSIDPSIDPSIDPSIDPSIDPSID,str,020h,0,256,text,1,(null),
1,MSID(16B),MSIDMSIDMSIDMSID,str,040h,0,128,text,1,(null),
GEN,49,380h,
1,CE Extend,0h,hex,000h,0,1,check,2,1h/Enbale,0h/Disable,
1,Thermal throttle,1h,hex,010h,0,1,check,2,1h/Enable,0h/Disable,
1,Idle Sleep,1h,hex,010h,1,1,check,2,1h/Enable,0h/Disable,
1,Shutdown hang (auto disable when ShutDown - SysClk < 25MHz),1h,hex,010h,2,1,check,2,1h/Enable,0h/Disable,
1,DRAM Clock Gating in Idle Sleep,1h,hex,010h,3,1,check,2,1h/Enable,0h/Disable,
1,PS2 to PS1 StepDown,0h,hex,010h,4,1,check,2,1h/Enable,0h/Disable,
1,Check ASIC Sensor,1h,hex,011h,0,1,check,2,1h/Enable,0h/Disable,
1,Check ASIC Sensor 2,0h,hex,011h,1,1,check,2,1h/Enable,0h/Disable,
1,Check External Sensor,0h,hex,011h,2,1,check,2,1h/Enable,0h/Disable,
1,Check Nand Sensor,0h,hex,011h,3,1,check,2,1h/Enable,0h/Disable,
1,Normalize Sensor Select,0h,hex,011h,5,2,drop,4,0h/ASIC Sensor,1h/ASIC Sensor 2,2h/External Sensor,3h/NAND Sensor,
1,Nand Sensor Channel,0,dec,012h,0,4,drop,8,0/ch0,1/ch1,2/ch2,3/ch3,4/ch4,5/ch5,6/ch6,7/ch7,
1,Nand Sensor CE,0,dec,012h,4,4,drop,4,0/ce0,1/ce1,2/ce2,3/ce3,
1,Light Throttle temperature in degree C (MT1),71,dec,013h,0,8,text,0,
1,Delta to MT1 fall,7,dec,014h,0,8,text,0,
1,Heavy Throttle temperature in degree C (MT2),75,dec,015h,0,8,text,0,
1,Delta to MT2 fall,7,dec,016h,0,8,text,0,
1,Showdown temperature in degree C (MT3),80,dec,017h,0,8,text,0,
1,Delta to MT3 fall,6,dec,018h,0,8,text,0,
1,Temp sensor polling time,1,dec,019h,0,8,drop,11,0/Disable,1/1sec,2/2sec,3/3sec,4/4sec,5/5sec,10/10sec,15/15sec,20/20sec,25/25sec,30/30sec,
1,Max Thermal Log in Idle(avoid to flush log space),5,dec,01Dh,0,8,drop,11,0/No Limit,1/1 log,2/2 log,3/3 log,4/4 log,5/5 log,10/10 log,15/15 log,20/20 log,25/25 log,30/30 log,
1,Sleep Idle Threshold (from 0 to 255 ms),5,dec,01Eh,0,8,text,0,
1,PS0 - SysClk,5750,dec,020h,0,16,drop,48,125/12.5Mhz,250/25Mhz,375/37.5Mhz,500/50Mhz,625/62.5Mhz,750/75Mhz,875/87.5Mhz,1000/100Mhz,1125/112.5Mhz,1250/125Mhz,1375/137.5Mhz,1500/150Mhz,1625/162.5Mhz,1750/175Mhz,1875/187.5Mhz,2000/200Mhz,2125/212.5Mhz,2250/225Mhz,2375/237.5Mhz,2500/250Mhz,2625/262.5Mhz,2750/275Mhz,2875/287.5Mhz,3000/300Mhz,3125/312.5Mhz,3250/325Mhz,3375/337.5Mhz,3500/350Mhz,3625/362.5Mhz,3750/375Mhz,3875/387.5Mhz,4000/400Mhz,4125/412.5Mhz,4250/425Mhz,4375/437.5Mhz,4500/450Mhz,4625/465.5Mhz,4750/475Mhz,4875/487.5Mhz,5000/500Mhz,5125/512.5Mhz,5250/525Mhz,5375/537.5Mhz,5500/550Mhz,5625/562.5Mhz,5750/575Mhz,5875/587.5Mhz,6000/600Mhz,
1,PS0 - LDPCClk,3250,dec,022h,0,16,drop,48,125/12.5Mhz,250/25Mhz,375/37.5Mhz,500/50Mhz,625/62.5Mhz,750/75Mhz,875/87.5Mhz,1000/100Mhz,1125/112.5Mhz,1250/125Mhz,1375/137.5Mhz,1500/150Mhz,1625/162.5Mhz,1750/175Mhz,1875/187.5Mhz,2000/200Mhz,2125/212.5Mhz,2250/225Mhz,2375/237.5Mhz,2500/250Mhz,2625/262.5Mhz,2750/275Mhz,2875/287.5Mhz,3000/300Mhz,3125/312.5Mhz,3250/325Mhz,3375/337.5Mhz,3500/350Mhz,3625/362.5Mhz,3750/375Mhz,3875/387.5Mhz,4000/400Mhz,4125/412.5Mhz,4250/425Mhz,4375/437.5Mhz,4500/450Mhz,4625/465.5Mhz,4750/475Mhz,4875/487.5Mhz,5000/500Mhz,5125/512.5Mhz,5250/525Mhz,5375/537.5Mhz,5500/550Mhz,5625/562.5Mhz,5750/575Mhz,5875/587.5Mhz,6000/600Mhz,
1,PS1 - SysClk,2500,dec,028h,0,16,drop,48,125/12.5Mhz,250/25Mhz,375/37.5Mhz,500/50Mhz,625/62.5Mhz,750/75Mhz,875/87.5Mhz,1000/100Mhz,1125/112.5Mhz,1250/125Mhz,1375/137.5Mhz,1500/150Mhz,1625/162.5Mhz,1750/175Mhz,1875/187.5Mhz,2000/200Mhz,2125/212.5Mhz,2250/225Mhz,2375/237.5Mhz,2500/250Mhz,2625/262.5Mhz,2750/275Mhz,2875/287.5Mhz,3000/300Mhz,3125/312.5Mhz,3250/325Mhz,3375/337.5Mhz,3500/350Mhz,3625/362.5Mhz,3750/375Mhz,3875/387.5Mhz,4000/400Mhz,4125/412.5Mhz,4250/425Mhz,4375/437.5Mhz,4500/450Mhz,4625/465.5Mhz,4750/475Mhz,4875/487.5Mhz,5000/500Mhz,5125/512.5Mhz,5250/525Mhz,5375/537.5Mhz,5500/550Mhz,5625/562.5Mhz,5750/575Mhz,5875/587.5Mhz,6000/600Mhz,
1,PS1 - LDPCClk,1500,dec,02Ah,0,16,drop,48,125/12.5Mhz,250/25Mhz,375/37.5Mhz,500/50Mhz,625/62.5Mhz,750/75Mhz,875/87.5Mhz,1000/100Mhz,1125/112.5Mhz,1250/125Mhz,1375/137.5Mhz,1500/150Mhz,1625/162.5Mhz,1750/175Mhz,1875/187.5Mhz,2000/200Mhz,2125/212.5Mhz,2250/225Mhz,2375/237.5Mhz,2500/250Mhz,2625/262.5Mhz,2750/275Mhz,2875/287.5Mhz,3000/300Mhz,3125/312.5Mhz,3250/325Mhz,3375/337.5Mhz,3500/350Mhz,3625/362.5Mhz,3750/375Mhz,3875/387.5Mhz,4000/400Mhz,4125/412.5Mhz,4250/425Mhz,4375/437.5Mhz,4500/450Mhz,4625/465.5Mhz,4750/475Mhz,4875/487.5Mhz,5000/500Mhz,5125/512.5Mhz,5250/525Mhz,5375/537.5Mhz,5500/550Mhz,5625/562.5Mhz,5750/575Mhz,5875/587.5Mhz,6000/600Mhz,
1,PS1 - FlashClk,2625,dec,02Ch,0,16,drop,48,125/12.5Mhz,250/25Mhz,375/37.5Mhz,500/50Mhz,625/62.5Mhz,750/75Mhz,875/87.5Mhz,1000/100Mhz,1125/112.5Mhz,1250/125Mhz,1375/137.5Mhz,1500/150Mhz,1625/162.5Mhz,1750/175Mhz,1875/187.5Mhz,2000/200Mhz,2125/212.5Mhz,2250/225Mhz,2375/237.5Mhz,2500/250Mhz,2625/262.5Mhz,2750/275Mhz,2875/287.5Mhz,3000/300Mhz,3125/312.5Mhz,3250/325Mhz,3375/337.5Mhz,3500/350Mhz,3625/362.5Mhz,3750/375Mhz,3875/387.5Mhz,4000/400Mhz,4125/412.5Mhz,4250/425Mhz,4375/437.5Mhz,4500/450Mhz,4625/465.5Mhz,4750/475Mhz,4875/487.5Mhz,5000/500Mhz,5125/512.5Mhz,5250/525Mhz,5375/537.5Mhz,5500/550Mhz,5625/562.5Mhz,5750/575Mhz,5875/587.5Mhz,6000/600Mhz,
1,PS2 - SysClk,500,dec,030h,0,16,drop,48,125/12.5Mhz,250/25Mhz,375/37.5Mhz,500/50Mhz,625/62.5Mhz,750/75Mhz,875/87.5Mhz,1000/100Mhz,1125/112.5Mhz,1250/125Mhz,1375/137.5Mhz,1500/150Mhz,1625/162.5Mhz,1750/175Mhz,1875/187.5Mhz,2000/200Mhz,2125/212.5Mhz,2250/225Mhz,2375/237.5Mhz,2500/250Mhz,2625/262.5Mhz,2750/275Mhz,2875/287.5Mhz,3000/300Mhz,3125/312.5Mhz,3250/325Mhz,3375/337.5Mhz,3500/350Mhz,3625/362.5Mhz,3750/375Mhz,3875/387.5Mhz,4000/400Mhz,4125/412.5Mhz,4250/425Mhz,4375/437.5Mhz,4500/450Mhz,4625/465.5Mhz,4750/475Mhz,4875/487.5Mhz,5000/500Mhz,5125/512.5Mhz,5250/525Mhz,5375/537.5Mhz,5500/550Mhz,5625/562.5Mhz,5750/575Mhz,5875/587.5Mhz,6000/600Mhz,
1,PS2 - LDPCClk,500,dec,032h,0,16,drop,48,125/12.5Mhz,250/25Mhz,375/37.5Mhz,500/50Mhz,625/62.5Mhz,750/75Mhz,875/87.5Mhz,1000/100Mhz,1125/112.5Mhz,1250/125Mhz,1375/137.5Mhz,1500/150Mhz,1625/162.5Mhz,1750/175Mhz,1875/187.5Mhz,2000/200Mhz,2125/212.5Mhz,2250/225Mhz,2375/237.5Mhz,2500/250Mhz,2625/262.5Mhz,2750/275Mhz,2875/287.5Mhz,3000/300Mhz,3125/312.5Mhz,3250/325Mhz,3375/337.5Mhz,3500/350Mhz,3625/362.5Mhz,3750/375Mhz,3875/387.5Mhz,4000/400Mhz,4125/412.5Mhz,4250/425Mhz,4375/437.5Mhz,4500/450Mhz,4625/465.5Mhz,4750/475Mhz,4875/487.5Mhz,5000/500Mhz,5125/512.5Mhz,5250/525Mhz,5375/537.5Mhz,5500/550Mhz,5625/562.5Mhz,5750/575Mhz,5875/587.5Mhz,6000/600Mhz,
1,PS2 - FlashClk,500,dec,034h,0,16,drop,48,125/12.5Mhz,250/25Mhz,375/37.5Mhz,500/50Mhz,625/62.5Mhz,750/75Mhz,875/87.5Mhz,1000/100Mhz,1125/112.5Mhz,1250/125Mhz,1375/137.5Mhz,1500/150Mhz,1625/162.5Mhz,1750/175Mhz,1875/187.5Mhz,2000/200Mhz,2125/212.5Mhz,2250/225Mhz,2375/237.5Mhz,2500/250Mhz,2625/262.5Mhz,2750/275Mhz,2875/287.5Mhz,3000/300Mhz,3125/312.5Mhz,3250/325Mhz,3375/337.5Mhz,3500/350Mhz,3625/362.5Mhz,3750/375Mhz,3875/387.5Mhz,4000/400Mhz,4125/412.5Mhz,4250/425Mhz,4375/437.5Mhz,4500/450Mhz,4625/465.5Mhz,4750/475Mhz,4875/487.5Mhz,5000/500Mhz,5125/512.5Mhz,5250/525Mhz,5375/537.5Mhz,5500/550Mhz,5625/562.5Mhz,5750/575Mhz,5875/587.5Mhz,6000/600Mhz,
1,ShutDown - SysClk,125,dec,038h,0,16,drop,48,125/12.5Mhz,250/25Mhz,375/37.5Mhz,500/50Mhz,625/62.5Mhz,750/75Mhz,875/87.5Mhz,1000/100Mhz,1125/112.5Mhz,1250/125Mhz,1375/137.5Mhz,1500/150Mhz,1625/162.5Mhz,1750/175Mhz,1875/187.5Mhz,2000/200Mhz,2125/212.5Mhz,2250/225Mhz,2375/237.5Mhz,2500/250Mhz,2625/262.5Mhz,2750/275Mhz,2875/287.5Mhz,3000/300Mhz,3125/312.5Mhz,3250/325Mhz,3375/337.5Mhz,3500/350Mhz,3625/362.5Mhz,3750/375Mhz,3875/387.5Mhz,4000/400Mhz,4125/412.5Mhz,4250/425Mhz,4375/437.5Mhz,4500/450Mhz,4625/465.5Mhz,4750/475Mhz,4875/487.5Mhz,5000/500Mhz,5125/512.5Mhz,5250/525Mhz,5375/537.5Mhz,5500/550Mhz,5625/562.5Mhz,5750/575Mhz,5875/587.5Mhz,6000/600Mhz,
1,ShutDown - LDPCClk,125,dec,03Ah,0,16,drop,48,125/12.5Mhz,250/25Mhz,375/37.5Mhz,500/50Mhz,625/62.5Mhz,750/75Mhz,875/87.5Mhz,1000/100Mhz,1125/112.5Mhz,1250/125Mhz,1375/137.5Mhz,1500/150Mhz,1625/162.5Mhz,1750/175Mhz,1875/187.5Mhz,2000/200Mhz,2125/212.5Mhz,2250/225Mhz,2375/237.5Mhz,2500/250Mhz,2625/262.5Mhz,2750/275Mhz,2875/287.5Mhz,3000/300Mhz,3125/312.5Mhz,3250/325Mhz,3375/337.5Mhz,3500/350Mhz,3625/362.5Mhz,3750/375Mhz,3875/387.5Mhz,4000/400Mhz,4125/412.5Mhz,4250/425Mhz,4375/437.5Mhz,4500/450Mhz,4625/465.5Mhz,4750/475Mhz,4875/487.5Mhz,5000/500Mhz,5125/512.5Mhz,5250/525Mhz,5375/537.5Mhz,5500/550Mhz,5625/562.5Mhz,5750/575Mhz,5875/587.5Mhz,6000/600Mhz,
1,Normalization Para A1,61,dec,040h,0,16,text,0,
1,Normalization Para B1,1000,dec,042h,0,16,text,0,
1,Normalization Sign B1,1h,hex,04Ch,0,8,drop,2,1h/+,0h/-,
1,Normalization Para A2,78,dec,044h,0,16,text,0,
1,Normalization Para B2,600,dec,046h,0,16,text,0,
1,Normalization Sign B2,0h,hex,04Dh,0,8,drop,2,1h/+,0h/-,
1,Normalization Para A3,88,dec,048h,0,16,text,0,
1,Normalization Para B3,2100,dec,04Ah,0,16,text,0,
1,Normalization Sign B3,0h,hex,04Eh,0,8,drop,2,1h/+,0h/-,
1,Normalization Temp Cut 1,62,dec,04Fh,0,8,text,0,
1,Normalization Temp Cut 2,92,dec,050h,0,8,text,0,
1,gMT2WriteDelayCnt,1000,dec,052h,0,16,text,0,
1,gMT2ReadDelayCnt,900,dec,054h,0,16,text,0,
1,Offset Thermal Value Sign,1h,hex,057h,7,1,drop,2,1h/+,0h/-,
1,Offset Thermal Value(-127~+127),0,dec,057h,0,7,text,0,
1,Time delay us between die erase (us),260,dec,058h,0,16,text,0,
1,Staggered erase enable die num TH,32,dec,05Ah,0,8,text,0,
Algo,12,3E0h,
1,Max Latency for clean,60,dec,000h,0,8,text,0,
1,Shutdown time out sec (0=disable),0,dec,001h,0,8,text,0,
1,Max clean source count (32~250),32,dec,002h,0,8,text,0,
1,Number of command before build group(0 will behave like PS),255,dec,003h,0,8,text,0,
1,BG-Trim:MBPerEntry(MB)(0 means disable),1,dec,004h,0,32,text,0,
1,BG-Trim:Trim Cmd TimeOutTH(ms),4000,dec,008h,0,32,text,0,
1,BG-Trim:Idle Trim TimeOutTH(ms),100,dec,00Ch,0,32,text,0,
1,BG-Trim:Force Save Map Entry Threshold,800,dec,010h,0,32,text,0,
1,S2S MoveWriteRatio (1+x),1,dec,014h,0,8,text,0,
1,S2T MoveWriteRatio (3+x),2,dec,015h,0,8,text,0,
1,Enable Runtime S2T,0,dec,016h,0,8,text,0,
1,S2S Clean Block Cnt,8,dec,017h,0,8,text,0,
SMART,14,400h,
1,OEM7 - Re-Assigned Sector Count Threshold,50,dec,000h,0,8,text,0,
1,OEM7 - Program Fail Count (SSD Total) Threshold,90,dec,001h,0,8,text,0,
1,OEM7 - Erase Fail Count (SSD Total) Threshold,90,dec,002h,0,8,text,0,
1,OEM7 - Wear Leveling Count Threshold,100,dec,003h,0,8,text,0,
1,OEM7 - Used Reserved Block Count (SSD Total) Threshold,50,dec,004h,0,8,text,0,
1,Channel - SMART Temperature Setting1,0h,hex,005h,0,8,drop,3,0h/Default,1h/Fix,2h/Clamp,
1,Channel - SMART Temperature Setting2 (Only for Fix/Clamp mode) (0~100),54,dec,006h,0,8,text,0,
1,NVMe - Avaliable Spare TH (0~100),10,dec,010h,0,8,text,0,
1,SMART Warning/AER - avaliable spare ,1h,hex,011h,0,1,check,2,1h/Enable,0h/Disable,
1,SMART Warning/AER - temperature,1h,hex,011h,1,1,check,2,1h/Enable,0h/Disable,
1,SMART Warning/AER - reliability,1h,hex,011h,2,1,check,2,1h/Enable,0h/Disable,
1,SMART Warning/AER - read only,1h,hex,011h,3,1,check,2,1h/Enable,0h/Disable,
1,SMART Warning/AER - volatile memory fail,1h,hex,011h,4,1,check,2,1h/Enable,0h/Disable,
1,Drive Percentage Used Reference Source,0h,hex,012h,0,8,drop,2,1h/TLC,0h/SLC and TLC,
VUID,6,4C0h,
1,ePPID,32ByteStr,str,000h,0,256,text,0,
1,Nominal Form Factor,2h,hex,020h,0,4,drop,4,0h/Nominal form factor not reported,1h/2.5 inch nominal form factor,2h/M.2,3h/HHHL,
1,Intel Pro feature identifier - Enhanced Digital fence,0h,hex,024h,0,1,check,2,1h/Enbale,0h/Disable,
1,Intel Pro feature identifier - Remote Secure Erase,0h,hex,024h,1,1,check,2,1h/Enbale,0h/Disable,
1,World Wide Number,8ByteStr,str,026h,0,64,text,0,
1,OEM ID,1h,hex,02Eh,0,8,drop,6,0h/Intel,1h/Channel,2h/OEM-2,3h/OEM-3,7h/OEM-7,10h/OEM-SIP,
VDT,7,500h,
1,VDT18 (DRAM),1h,hex,000h,0,1,check,2,1h/Enable,0h/Disable,
1,VDT27(Fsh2)&23(Fsh1),1h,hex,000h,2,1,check,2,1h/Enable,0h/Disable,
1,VDT12 (FIO),1h,hex,000h,3,1,check,2,1h/Enable,0h/Disable,
1,VDT27(Fsh2) Level,Ch,hex,001h,0,8,drop,16,0h/VRR=1.50/VFR=1.40 ,1h/VRR=1.60/VFR=1.50 ,2h/VRR=1.70/VFR=1.60 ,3h/VRR=1.80/VFR=1.70 ,4h/VRR=1.90/VFR=1.80 ,5h/VRR=2.00/VFR=1.90 ,6h/VRR=2.10/VFR=2.00 ,7h/VRR=2.20/VFR=2.10 ,8h/VRR=2.30/VFR=2.20 ,9h/VRR=2.40/VFR=2.30 ,Ah/VRR=2.50/VFR=2.40 ,Bh/VRR=2.60/VFR=2.50 ,Ch/VRR=2.70/VFR=2.60 ,Dh/VRR=2.80/VFR=2.70 ,Eh/VRR=2.90/VFR=2.80 ,Fh/VRR=3.00/VFR=2.90 ,
1,VDT23(Fsh1) Level,9h,hex,002h,0,8,drop,16,0h/VRR=1.50/VFR=1.40 ,1h/VRR=1.60/VFR=1.50 ,2h/VRR=1.70/VFR=1.60 ,3h/VRR=1.80/VFR=1.70 ,4h/VRR=1.90/VFR=1.80 ,5h/VRR=2.00/VFR=1.90 ,6h/VRR=2.10/VFR=2.00 ,7h/VRR=2.20/VFR=2.10 ,8h/VRR=2.30/VFR=2.20 ,9h/VRR=2.40/VFR=2.30 ,Ah/VRR=2.50/VFR=2.40 ,Bh/VRR=2.60/VFR=2.50 ,Ch/VRR=2.70/VFR=2.60 ,Dh/VRR=2.80/VFR=2.70 ,Eh/VRR=2.90/VFR=2.80 ,Fh/VRR=3.00/VFR=2.90 ,
1,VDT18(DRAM) Level,2h,hex,003h,0,8,drop,16,0h/VRR=0.90/VFR=0.85 ,1h/VRR=0.95/VFR=0.90 ,2h/VRR=1.00/VFR=0.95 ,3h/VRR=1.05/VFR=1.00 ,4h/VRR=1.10/VFR=1.05 ,5h/VRR=1.15/VFR=1.10 ,6h/VRR=1.20/VFR=1.15 ,7h/VRR=1.25/VFR=1.20 ,8h/VRR=1.30/VFR=1.25 ,9h/VRR=1.35/VFR=1.30 ,Ah/VRR=1.40/VFR=1.35 ,Bh/VRR=1.45/VFR=1.40 ,Ch/VRR=1.50/VFR=1.45 ,Dh/VRR=1.55/VFR=1.50 ,Eh/VRR=1.60/VFR=1.55 ,Fh/VRR=1.65/VFR=1.60 ,
1,VDT12(FIO) Level,0h,hex,004h,0,8,drop,16,0h/VRR=1.00/VFR=0.95 ,1h/VRR=1.05/VFR=1.00 ,2h/VRR=1.10/VFR=1.05 ,3h/VRR=1.15/VFR=1.10 ,4h/VRR=1.20/VFR=1.15 ,5h/VRR=1.25/VFR=1.20 ,6h/VRR=1.30/VFR=1.25 ,7h/VRR=1.35/VFR=1.30 ,8h/VRR=1.40/VFR=1.35 ,9h/VRR=1.45/VFR=1.40 ,Ah/VRR=1.50/VFR=1.45 ,Bh/VRR=1.55/VFR=1.50 ,Ch/VRR=1.60/VFR=1.55 ,Dh/VRR=1.65/VFR=1.60 ,Eh/VRR=1.70/VFR=1.65 ,Fh/VRR=1.75/VFR=1.70 ,
OEM3,4,510h,
1,Original manufacturing 8S bar-code information. This field is left-justified with right-padding of blanks (20h),30ByteStr                     ,str,014h,0,240,text,0,
1,Original manufacturing Supplier Model Number. This field is left-justified with right-padding of blanks (20h),30ByteStr                     ,str,032h,0,240,text,0,
1,Original manufacturing Supplier Serial Number. This field is left-justified with right-padding of blanks(20h),30ByteStr                     ,str,050h,0,240,text,0,
1,Current 8S label as a result of any field change. This field is left-justified with right-padding of blanks (20h),30ByteStr                     ,str,06Eh,0,240,text,0,
Selftest,12,480h,
1,RDT Loop,1,dec,002h,0,8,text,0,
1,g16RDTErrCntTH_TLC,100,dec,003h,0,16,text,0,
1,gRDTECCFailCntTH,128,dec,005h,0,8,text,0,
1,gRDTEraseFailCntTH,128,dec,006h,0,8,text,0,
1,gRDTProgFailCntTH,128,dec,007h,0,8,text,0,
1,RDTReadRetry,0h,hex,008h,0,1,check,2,1h/Enable,0h/Disable,
1,ChkUPageReadBackCorrEcc,0h,hex,009h,0,1,check,2,1h/Enable,0h/Disable,
1,Test Strategy,0h,hex,00Ah,0,1,check,2,1h/New BI Flow,0h/normal Flow,
1,Test DelayTime,5,dec,00Bh,0,16,text,0,
1,ExtraProgramTest,0h,hex,00Dh,0,8,check,2,1h/Enable,0h/Disable,
1,g16RDTErrCntTH_SLC,20,dec,00Eh,0,16,text,0,
1,RDT LED Flash mode,0h,hex,010h,0,8,drop,4,0h/Default SMI mode,1h/Channel-ADATA,2h/NA,3h/NA,
NVMe2,19,600h,
1,Namespace UUID,00000000000000000000000000000000h,hex,000h,0,128,text,0,
1,Sanitize operation (SANICAP) - Crypto Erase,1h,hex,010h,0,1,check,2,1h/Enable,0h/Disable,
1,Sanitize operation (SANICAP) - Block Erase,1h,hex,010h,1,1,check,2,1h/Enable,0h/Disable,
1,PS0 Entry Latency (ENLAT),0,dec,014h,0,32,text,0,
1,PS0 Exit Latency (EXLAT),0,dec,018h,0,32,text,0,
1,PS1 Entry Latency (ENLAT),0,dec,01Ch,0,32,text,0,
1,PS1 Exit Latency (EXLAT),0,dec,020h,0,32,text,0,
1,PS2 Entry Latency (ENLAT),0,dec,024h,0,32,text,0,
1,PS2 Exit Latency (EXLAT),0,dec,028h,0,32,text,0,
1,PS3 Entry Latency (ENLAT),2000,dec,02Ch,0,32,text,0,
1,PS3 Exit Latency (EXLAT),2000,dec,030h,0,32,text,0,
1,PS0 Maximum Power (MP),900,dec,034h,0,16,text,0,
1,PS0 Max Power Scale (MXPS),0h,hex,036h,0,1,drop,2,1h/0.0001Watts,0h/0.01Watts,
1,PS1 Maximum Power (MP),460,dec,038h,0,16,text,0,
1,PS1 Max Power Scale (MXPS),0h,hex,03Ah,0,1,drop,2,1h/0.0001Watts,0h/0.01Watts,
1,PS2 Maximum Power (MP),380,dec,03Ch,0,16,text,0,
1,PS2 Max Power Scale (MXPS),0h,hex,03Eh,0,1,drop,2,1h/0.0001Watts,0h/0.01Watts,
1,PS3 Maximum Power (MP),700,dec,040h,0,16,text,0,
1,PS3 Max Power Scale (MXPS),1h,hex,042h,0,1,drop,2,1h/0.0001Watts,0h/0.01Watts,
FwConfig,6,FF0h,
1,Enable FW Config Check,0h,hex,000h,0,8,check,2,1h/Enable,0h/Disable,
1,ASIC,3236h,hex,001h,0,16,drop,2,3236h/2262,3336h/2263,
1,NAND,BiCS3,str,003h,0,40,text,0,
1,VendorID,30h,hex,008h,0,8,drop,2,30h/SMI,31h/Biwin HP,
1,Toshiba or SanDisk,30h,hex,009h,0,8,drop,2,30h/Toshiba,31h/SanDisk,
1,Authentication FW without Security Boot,30h,hex,00Ah,0,8,check,2,31h/Enable,30h/Disable,
CRC,6B78h,2538h,
