SMI-0000,L2,,
BINSIZE,1280,,
CCAP,12,SMI,H_HPV,H_LN0,H_DL0,H_MA0,H_MU0,H_MS,M_HPV,M_LN0,M_DL0,M_MA0,M_MU0,
CID Header,11,000h,
1,ISP Revision Label,ISP Rev:,ISP Rev:,ISP Rev:,ISP Rev:,ISP Rev:,ISP Rev:,ISP Rev:,ISP Rev:,ISP Rev:,ISP Rev:,ISP Rev:,ISP Rev:,str,000h,0,64,text,1,(null),
1,FW Revision Field  (8B)-vendor control,FWREV,FWREV,FWREV,FWREV,FWREV,FWREV,FWREV,FWREV,FWREV,FWREV,FWREV,FWREV,str,008h,0,64,text,1,(null),
1,Light Switch Revision Label,FE,FE,FE,FE,FE,FE,FE,FE,FE,FE,FE,FE,str,0A0h,0,64,text,1,(null),
1,LS Revision Field (8B)-vendor control,LS-U0414,LS-U0414,LS-U0414,LS-U0414,LS-U0414,LS-U0414,LS-U0414,LS-U0411,LS-U0411,LS-U0411,LS-U0411,LS-U0411,str,0A8h,0,64,text,1,(null),
1,Vendor Specific Label,VENDOR SPECIFIC:,VENDOR SPECIFIC:,VENDOR SPECIFIC:,VENDOR SPECIFIC:,VENDOR SPECIFIC:,VENDOR SPECIFIC:,VENDOR SPECIFIC:,VENDOR SPECIFIC:,VENDOR SPECIFIC:,VENDOR SPECIFIC:,VENDOR SPECIFIC:,VENDOR SPECIFIC:,str,0B0h,0,128,text,1,(null),
1,Vendor Specific Field(64B)-customization area,vendor_specific_vendor_specific_vendor_specific_vendor_specific_,vendor_specific_vendor_specific_vendor_specific_vendor_specific_,vendor_specific_vendor_specific_vendor_specific_vendor_specific_,vendor_specific_vendor_specific_vendor_specific_vendor_specific_,vendor_specific_vendor_specific_vendor_specific_vendor_specific_,vendor_specific_vendor_specific_vendor_specific_vendor_specific_,vendor_specific_vendor_specific_vendor_specific_vendor_specific_,vendor_specific_vendor_specific_vendor_specific_vendor_specific_,vendor_specific_vendor_specific_vendor_specific_vendor_specific_,vendor_specific_vendor_specific_vendor_specific_vendor_specific_,vendor_specific_vendor_specific_vendor_specific_vendor_specific_,vendor_specific_vendor_specific_vendor_specific_vendor_specific_,str,0C0h,0,512,text,1,(null),
1,Serial Num Label,SERIAL NUM :,SERIAL NUM :,SERIAL NUM :,SERIAL NUM :,SERIAL NUM :,SERIAL NUM :,SERIAL NUM :,SERIAL NUM :,SERIAL NUM :,SERIAL NUM :,SERIAL NUM :,SERIAL NUM :,str,100h,0,96,text,1,(null),
1,Serial Num Field (20B)-vendor control,serial_numserial_num,serial_numserial_num,serial_numserial_num,serial_numserial_num,serial_numserial_num,serial_numserial_num,serial_numserial_num,serial_numserial_num,serial_numserial_num,serial_numserial_num,serial_numserial_num,serial_numserial_num,str,10Ch,0,160,text,1,(null),
1,Model Num Label,MODEL  :,MODEL  :,MODEL  :,MODEL  :,MODEL  :,MODEL  :,MODEL  :,MODEL  :,MODEL  :,MODEL  :,MODEL  :,MODEL  :,str,120h,0,64,text,1,(null),
1,Model Num Field (40B)-vendor control,SMI2269XT,SMI2269XT,SMI2269XT,SMI2269XT,SMI2269XT,SMI2269XT,SMI2269XT,SMI2269XT,SMI2269XT,SMI2269XT,SMI2269XT,SMI2269XT,str,128h,0,320,text,1,(null),
1,Micron  Internal  FW Revision (16B),TBD,TBD,TBD,TBD,TBD,TBD,TBD,TBD,TBD,TBD,TBD,TBD,str,150h,0,128,text,1,(null),
PHY,81,180h,
1,G3 SRIS/SRNS STEP,0dh,0dh,0dh,0dh,0dh,0dh,0dh,0dh,0dh,0dh,0dh,0dh,hex,000h,0,5,text,0,
1,G3 SRIS/SRNS SMIN,10h,10h,10h,10h,10h,10h,10h,10h,10h,10h,10h,10h,hex,001h,0,6,text,0,
1,G3 SRIS/SRNS SMAX,37h,37h,37h,37h,37h,37h,37h,37h,37h,37h,37h,37h,hex,002h,0,6,text,0,
1,G1/G2 SRIS/SRNS STEP,15h,15h,15h,15h,15h,15h,15h,15h,15h,15h,15h,15h,hex,003h,0,5,text,0,
1,G1/G2 SRIS/SRNS SMIN,10h,10h,10h,10h,10h,10h,10h,10h,10h,10h,10h,10h,hex,004h,0,6,text,0,
1,G1/G2 SRIS/SRNS SMAX,37h,37h,37h,37h,37h,37h,37h,37h,37h,37h,37h,37h,hex,005h,0,6,text,0,
1,G3 Normal TxSwing,17h,17h,17h,17h,17h,17h,17h,17h,17h,17h,17h,17h,hex,006h,0,5,text,0,
1,G2 Normal TxSwing,14h,14h,14h,14h,14h,14h,14h,14h,14h,14h,14h,14h,hex,007h,0,5,text,0,
1,G1 Normal TxSwing,14h,14h,14h,14h,14h,14h,14h,14h,14h,14h,14h,14h,hex,008h,0,5,text,0,
1,DEEMPH_MANUAL,0h,0h,0h,0h,0h,0h,0h,0h,0h,0h,0h,0h,hex,009h,4,1,check,2,1h/Enable,0h/Disable,
1,G3 DM0,0h,0h,0h,0h,0h,0h,0h,0h,0h,0h,0h,0h,hex,00Ah,0,4,text,0,
1,G3 DM1,4h,4h,4h,4h,4h,4h,4h,4h,4h,4h,4h,4h,hex,00Bh,0,5,text,0,
1,G3 DM2,0Eh,0Eh,0Eh,0Eh,0Eh,0Eh,0Eh,0Eh,0Eh,0Eh,0Eh,0Eh,hex,00Ch,0,5,text,0,
1,G2 DM0,0h,0h,0h,0h,0h,0h,0h,0h,0h,0h,0h,0h,hex,00Dh,0,4,text,0,
1,G2 DM1,0h,0h,0h,0h,0h,0h,0h,0h,0h,0h,0h,0h,hex,00Eh,0,5,text,0,
1,G2 DM2,14h,14h,14h,14h,14h,14h,14h,14h,14h,14h,14h,14h,hex,00Fh,0,5,text,0,
1,G1 DM0,0h,0h,0h,0h,0h,0h,0h,0h,0h,0h,0h,0h,hex,010h,0,4,text,0,
1,G1 DM1,0h,0h,0h,0h,0h,0h,0h,0h,0h,0h,0h,0h,hex,011h,0,5,text,0,
1,G1 DM2,Dh,Dh,Dh,Dh,Dh,Dh,Dh,Dh,Dh,Dh,Dh,Dh,hex,012h,0,5,text,0,
1,G3 KD,0h,0h,0h,0h,0h,0h,0h,0h,0h,0h,0h,0h,hex,013h,0,4,text,0,
1,G3 KP,6h,6h,6h,6h,6h,6h,6h,6h,6h,6h,6h,6h,hex,014h,0,8,text,0,
1,G3 KI,8h,8h,8h,8h,8h,8h,8h,8h,8h,8h,8h,8h,hex,015h,0,8,text,0,
1,G2 KD,2h,2h,2h,2h,2h,2h,2h,2h,2h,2h,2h,2h,hex,016h,0,4,text,0,
1,G2 KP,8h,8h,8h,8h,8h,8h,8h,8h,8h,8h,8h,8h,hex,017h,0,8,text,0,
1,G2 KI,10h,10h,10h,10h,10h,10h,10h,10h,10h,10h,10h,10h,hex,018h,0,8,text,0,
1,G1 KD,3h,3h,3h,3h,3h,3h,3h,3h,3h,3h,3h,3h,hex,019h,0,4,text,0,
1,G1 KP,Ch,Ch,Ch,Ch,Ch,Ch,Ch,Ch,Ch,Ch,Ch,Ch,hex,01Ah,0,8,text,0,
1,G1 KI,20h,20h,20h,20h,20h,20h,20h,20h,20h,20h,20h,20h,hex,01Bh,0,8,text,0,
1,Manual_Use_RX_COEF,0h,0h,0h,0h,0h,0h,0h,0h,0h,0h,0h,0h,hex,01Ch,0,5,text,0,
1,G3 EQR,6h,6h,6h,6h,6h,6h,6h,6h,6h,6h,6h,6h,hex,01Dh,0,5,text,0,
1,G3 EQC,Bh,Bh,Bh,Bh,Bh,Bh,Bh,Bh,Bh,Bh,Bh,Bh,hex,01Eh,0,4,text,0,
1,G3 TAP1,20h,20h,20h,20h,20h,20h,20h,20h,20h,20h,20h,20h,hex,01Fh,0,6,text,0,
1,G3 TAP2,10h,10h,10h,10h,10h,10h,10h,10h,10h,10h,10h,10h,hex,020h,0,5,text,0,
1,G3 TAP3,10h,10h,10h,10h,10h,10h,10h,10h,10h,10h,10h,10h,hex,021h,0,5,text,0,
1,G2 EQR,0h,0h,0h,0h,0h,0h,0h,0h,0h,0h,0h,0h,hex,022h,0,5,text,0,
1,G2 EQC,0Fh,0Fh,0Fh,0Fh,0Fh,0Fh,0Fh,0Fh,0Fh,0Fh,0Fh,0Fh,hex,023h,0,4,text,0,
1,G2 TAP1,20h,20h,20h,20h,20h,20h,20h,20h,20h,20h,20h,20h,hex,024h,0,6,text,0,
1,G2 TAP2,10h,10h,10h,10h,10h,10h,10h,10h,10h,10h,10h,10h,hex,025h,0,5,text,0,
1,G2 TAP3,10h,10h,10h,10h,10h,10h,10h,10h,10h,10h,10h,10h,hex,026h,0,5,text,0,
1,G1 EQR,0h,0h,0h,0h,0h,0h,0h,0h,0h,0h,0h,0h,hex,027h,0,5,text,0,
1,G1 EQC,0Fh,0Fh,0Fh,0Fh,0Fh,0Fh,0Fh,0Fh,0Fh,0Fh,0Fh,0Fh,hex,028h,0,4,text,0,
1,G1 TAP1,20h,20h,20h,20h,20h,20h,20h,20h,20h,20h,20h,20h,hex,029h,0,6,text,0,
1,G1 TAP2,10h,10h,10h,10h,10h,10h,10h,10h,10h,10h,10h,10h,hex,02Ah,0,5,text,0,
1,G1 TAP3,10h,10h,10h,10h,10h,10h,10h,10h,10h,10h,10h,10h,hex,02Bh,0,5,text,0,
1,Normal Mode MAX,01h,01h,01h,01h,01h,01h,01h,01h,01h,01h,01h,01h,hex,02Ch,0,4,text,0,
1,SRIS/SRNS MAX,0Bh,0Bh,0Bh,0Bh,0Bh,0Bh,0Bh,0Bh,0Bh,0Bh,0Bh,0Bh,hex,02Dh,0,4,text,0,
1,SQA_OFFSET,07h,07h,07h,07h,07h,07h,07h,07h,07h,07h,07h,07h,hex,02Eh,0,5,text,0,
1,PLL VVCO,08h,08h,08h,08h,08h,08h,08h,08h,08h,08h,08h,08h,hex,02Fh,0,4,text,0,
1,KD MANUAL_enable,0h,0h,0h,0h,0h,0h,0h,0h,0h,0h,0h,0h,hex,030h,0,1,check,2,1h/Enable,0h/Disable,
1,KD,0h,0h,0h,0h,0h,0h,0h,0h,0h,0h,0h,0h,hex,031h,0,4,text,0,
1,KP MANUAL_enable,0h,0h,0h,0h,0h,0h,0h,0h,0h,0h,0h,0h,hex,030h,1,1,check,2,1h/Enable,0h/Disable,
1,KP,Eh,Eh,Eh,Eh,Eh,Eh,Eh,Eh,Eh,Eh,Eh,Eh,hex,032h,0,8,text,0,
1,KP for G3 loopback,6h,6h,6h,6h,6h,6h,6h,6h,6h,6h,6h,6h,hex,033h,0,8,text,0,
1,KI MANUAL_enable,0h,0h,0h,0h,0h,0h,0h,0h,0h,0h,0h,0h,hex,030h,2,1,check,2,1h/Enable,0h/Disable,
1,KI,0h,0h,0h,0h,0h,0h,0h,0h,0h,0h,0h,0h,hex,034h,0,8,text,0,
1,MANUAL EQR_enable,0h,0h,0h,0h,0h,0h,0h,0h,0h,0h,0h,0h,hex,030h,3,1,check,2,1h/Enable,0h/Disable,
1,EQR,0h,0h,0h,0h,0h,0h,0h,0h,0h,0h,0h,0h,hex,035h,0,5,text,0,
1,MANUAL EQC_enable,0h,0h,0h,0h,0h,0h,0h,0h,0h,0h,0h,0h,hex,030h,4,1,check,2,1h/Enable,0h/Disable,
1,EQC,Ch,Ch,Ch,Ch,Ch,Ch,Ch,Ch,Ch,Ch,Ch,Ch,hex,036h,0,4,text,0,
1,MANUAL TAP1_enable,0h,0h,0h,0h,0h,0h,0h,0h,0h,0h,0h,0h,hex,030h,5,1,check,2,1h/Enable,0h/Disable,
1,TAP1,20h,20h,20h,20h,20h,20h,20h,20h,20h,20h,20h,20h,hex,037h,0,6,text,0,
1,MANUAL TAP2_enable,0h,0h,0h,0h,0h,0h,0h,0h,0h,0h,0h,0h,hex,030h,6,1,check,2,1h/Enable,0h/Disable,
1,TAP2,10h,10h,10h,10h,10h,10h,10h,10h,10h,10h,10h,10h,hex,038h,0,5,text,0,
1,MANUAL TAP3_enable,0h,0h,0h,0h,0h,0h,0h,0h,0h,0h,0h,0h,hex,030h,7,1,check,2,1h/Enable,0h/Disable,
1,TAP3,10h,10h,10h,10h,10h,10h,10h,10h,10h,10h,10h,10h,hex,039h,0,5,text,0,
1,PresetValueEQphase2_P0,0h,0h,0h,0h,0h,0h,0h,0h,0h,0h,0h,0h,hex,03Ah,0,1,check,2,1h/Enable,0h/Disable,
1,PresetValueEQphase2_P1,0h,0h,0h,0h,0h,0h,0h,0h,0h,0h,0h,0h,hex,03Ah,1,1,check,2,1h/Enable,0h/Disable,
1,PresetValueEQphase2_P2,0h,0h,0h,0h,0h,0h,0h,0h,0h,0h,0h,0h,hex,03Ah,2,1,check,2,1h/Enable,0h/Disable,
1,PresetValueEQphase2_P3,0h,0h,0h,0h,0h,0h,0h,0h,0h,0h,0h,0h,hex,03Ah,3,1,check,2,1h/Enable,0h/Disable,
1,PresetValueEQphase2_P4,1h,1h,1h,1h,1h,1h,1h,1h,1h,1h,1h,1h,hex,03Ah,4,1,check,2,1h/Enable,0h/Disable,
1,PresetValueEQphase2_P5,1h,1h,1h,1h,1h,1h,1h,1h,1h,1h,1h,1h,hex,03Ah,5,1,check,2,1h/Enable,0h/Disable,
1,PresetValueEQphase2_P6,1h,1h,1h,1h,1h,1h,1h,1h,1h,1h,1h,1h,hex,03Ah,6,1,check,2,1h/Enable,0h/Disable,
1,PresetValueEQphase2_P7,0h,0h,0h,0h,0h,0h,0h,0h,0h,0h,0h,0h,hex,03Ah,7,1,check,2,1h/Enable,0h/Disable,
1,PresetValueEQphase2_P8,0h,0h,0h,0h,0h,0h,0h,0h,0h,0h,0h,0h,hex,03Ah,8,1,check,2,1h/Enable,0h/Disable,
1,PresetValueEQphase2_P9,0h,0h,0h,0h,0h,0h,0h,0h,0h,0h,0h,0h,hex,03Ah,9,1,check,2,1h/Enable,0h/Disable,
1,PresetValueEQphase2_P10,0h,0h,0h,0h,0h,0h,0h,0h,0h,0h,0h,0h,hex,03Ah,10,1,check,2,1h/Enable,0h/Disable,
1,EarlyPCIeReset,1h,1h,1h,1h,1h,1h,1h,1h,1h,1h,1h,1h,hex,03Ah,15,1,check,2,1h/Enable,0h/Disable,
1,Hang Drive if PHY setting error,1h,1h,1h,1h,1h,1h,1h,1h,1h,1h,1h,1h,hex,03Ch,0,1,check,2,1h/Enable,0h/Disable,
1,delay between PHY reg access(CPU delay count),100,100,100,100,100,100,100,100,100,100,100,100,dec,03Dh,0,8,text,0,
1,L0s RX Off,0h,0h,0h,0h,0h,0h,0h,0h,0h,0h,0h,0h,hex,03Fh,0,1,check,2,1h/Enable,0h/Disable,
1,Enable DPHY Uart output,0h,0h,0h,0h,0h,0h,0h,0h,0h,0h,0h,0h,hex,040h,0,1,check,2,1h/Enable,0h/Disable,
PCIe,80,200h,
1,PCI Vendor ID,126Fh,126Fh,126Fh,126Fh,126Fh,126Fh,126Fh,1344h,1344h,1344h,1344h,1344h,hex,000h,0,16,text,1,Indicates the company vendor assigned by the PCI SIG. This field is related to ID.VID,
1,Device ID,2269h,2269h,2269h,2269h,2269h,2269h,2269h,5413h,5413h,5413h,5413h,5413h,hex,002h,0,16,text,1,Indicates the device number assigned by the vendor. This field is related to ID.DID,
1,LTR L0 Entry - Max Snoop LatencyValue of ACTIVE LTR,46h,46h,46h,46h,46h,46h,46h,46h,46h,46h,46h,46h,hex,004h,0,10,text,1,Along with the Max No-noop LatencyScale field. this register specifies the maximum no-snoop latency that a device is permitted to request. Software should set this to the platform's maximum supported latency or less.,
1,LTR L0 Entry - Max Snoop LatencyScale of ACTIVE LTR,2h,2h,2h,2h,2h,2h,2h,2h,2h,2h,2h,2h,hex,004h,10,3,drop,6,0h/Value times 1 ns,1h/Value times 32 ns,2h/Value times 1024 ns,3h/Value times 32768 ns,4h/Value times 1048576 ns,5h/Value times 33554432 ns,
1,LTR L0 Entry - Snoop Latency Requirement,1h,1h,1h,1h,1h,1h,1h,1h,1h,1h,1h,1h,hex,004h,15,1,drop,2,0h/No Requirement,1h/Requirement,
1,LTR L0 Entry - Max No-Snoop LatencyValue of ACTIVE LTR,46h,46h,46h,46h,46h,46h,46h,46h,46h,46h,46h,46h,hex,004h,16,10,text,1,Along with the Max No-noop LatencyScale field. this register specifies the maximum no-snoop latency that a device is permitted to request. Software should set this to the platform's maximum supported latency or less.,
1,LTR L0 Entry - Max No-Snoop LatencyScale of ACTIVE LTR,2h,2h,2h,2h,2h,2h,2h,2h,2h,2h,2h,2h,hex,004h,26,3,drop,6,0h/Value times 1 ns,1h/Value times 32 ns,2h/Value times 1024 ns,3h/Value times 32768 ns,4h/Value times 1048576 ns,5h/Value times 33554432 ns,
1,LTR L0 Entry - No Snoop Latency Requirement,1h,1h,1h,1h,1h,1h,1h,1h,1h,1h,1h,1h,hex,004h,31,1,drop,2,0h/No Requirement,1h/Requirement,
1,LTR L1 Entry - Max Snoop LatencyValue of ACTIVE LTR,46h,46h,46h,46h,46h,46h,46h,46h,46h,46h,46h,46h,hex,008h,0,10,text,1,Along with the Max No-noop LatencyScale field. this register specifies the maximum no-snoop latency that a device is permitted to request. Software should set this to the platform's maximum supported latency or less.,
1,LTR L1 Entry - Max Snoop LatencyScale of ACTIVE LTR,2h,2h,2h,2h,2h,2h,2h,2h,2h,2h,2h,2h,hex,008h,10,3,drop,6,0h/Value times 1 ns,1h/Value times 32 ns,2h/Value times 1024 ns,3h/Value times 32768 ns,4h/Value times 1048576 ns,5h/Value times 33554432 ns,
1,LTR L1 Entry - Snoop Latency Requirement,1h,1h,1h,1h,1h,1h,1h,1h,1h,1h,1h,1h,hex,008h,15,1,drop,2,0h/No Requirement,1h/Requirement,
1,LTR L1 Entry - Max No-Snoop LatencyValue of ACTIVE LTR,46h,46h,46h,46h,46h,46h,46h,46h,46h,46h,46h,46h,hex,008h,16,10,text,1,Along with the Max No-noop LatencyScale field. this register specifies the maximum no-snoop latency that a device is permitted to request. Software should set this to the platform's maximum supported latency or less.,
1,LTR L1 Entry - Max N0-Snoop LatencyScale of ACTIVE LTR,2h,2h,2h,2h,2h,2h,2h,2h,2h,2h,2h,2h,hex,008h,26,3,drop,6,0h/Value times 1 ns,1h/Value times 32 ns,2h/Value times 1024 ns,3h/Value times 32768 ns,4h/Value times 1048576 ns,5h/Value times 33554432 ns,
1,LTR L1 Entry - No Snoop Latency Requirement,1h,1h,1h,1h,1h,1h,1h,1h,1h,1h,1h,1h,hex,008h,31,1,drop,2,0h/No Requirement,1h/Requirement,
1,LTR L1.2 Entry - Max Snoop LatencyValue of ACTIVE LTR,3h,3h,3h,3h,3h,3h,3h,3h,3h,3h,3h,3h,hex,00Ch,0,10,text,1,Along with the Max No-noop LatencyScale field. this register specifies the maximum no-snoop latency that a device is permitted to request. Software should set this to the platform's maximum supported latency or less.,
1,LTR L1.2 Entry - Max Snoop LatencyScale of ACTIVE LTR,4h,4h,4h,4h,4h,4h,4h,4h,4h,4h,4h,4h,hex,00Ch,10,3,drop,6,0h/Value times 1 ns,1h/Value times 32 ns,2h/Value times 1024 ns,3h/Value times 32768 ns,4h/Value times 1048576 ns,5h/Value times 33554432 ns,
1,LTR L1.2 Entry - Snoop Latency Requirement,1h,1h,1h,1h,1h,1h,1h,1h,1h,1h,1h,1h,hex,00Ch,15,1,drop,2,0h/No Requirement,1h/Requirement,
1,LTR L1.2 Entry - Max No-Snoop LatencyValue of ACTIVE LTR,3h,3h,3h,3h,3h,3h,3h,3h,3h,3h,3h,3h,hex,00Ch,16,10,text,1,Along with the Max No-noop LatencyScale field. this register specifies the maximum no-snoop latency that a device is permitted to request. Software should set this to the platform's maximum supported latency or less.,
1,LTR L1.2 Entry - Max No-Snoop LatencyScale of ACTIVE LTR,4h,4h,4h,4h,4h,4h,4h,4h,4h,4h,4h,4h,hex,00Ch,26,3,drop,6,0h/Value times 1 ns,1h/Value times 32 ns,2h/Value times 1024 ns,3h/Value times 32768 ns,4h/Value times 1048576 ns,5h/Value times 33554432 ns,
1,LTR L1.2 Entry - No Snoop Latency Requirement,1h,1h,1h,1h,1h,1h,1h,1h,1h,1h,1h,1h,hex,00Ch,31,1,drop,2,0h/No Requirement,1h/Requirement,
1,UEFI OROM,1h,1h,1h,1h,1h,1h,1h,1h,1h,1h,1h,1h,hex,010h,0,1,check,2,0h/UEFI OROM Enabled,1h/UEFI OROM Disable,
1,PCIe Int Refclk select (Not support in PS),0h,0h,0h,0h,0h,0h,0h,0h,0h,0h,0h,0h,hex,010h,1,2,drop,4,0h/Ext Ref clk (from Host system),1h/Int Ref clk (int to drive / ASIC),2h/Auto detect enabled,3h/Auto detect enabled,
1,Spread Spectrum (Not support in PS),0h,0h,0h,0h,0h,0h,0h,0h,0h,0h,0h,0h,hex,010h,3,1,check,2,0h/Enable,1h/Disable,
1,Timer 0 (L1),1h,1h,1h,1h,1h,1h,1h,1h,1h,1h,1h,1h,hex,010h,4,1,check,2,1h/Enable,0h/Disable,
1,Timer 1 (L1.2),1h,1h,1h,1h,1h,1h,1h,1h,1h,1h,1h,1h,hex,010h,5,1,check,2,1h/Enable,0h/Disable,
1,Multiple Message Capable(MSI) (Not support in PS),3h,3h,3h,3h,3h,3h,3h,3h,3h,3h,3h,3h,hex,011h,1,3,drop,5,0h/1 of vectors requested,1h/2 of vectors requested,2h/4 of vectors requested,3h/8 of vectors requested,4h/16 of vectors requested,
1,Max_Payload_Size Supported,1h,1h,1h,1h,1h,1h,1h,1h,1h,1h,1h,1h,hex,012h,0,3,drop,3,0h/128 bytes max payload size,1h/256 bytes max payload size,2h/512 bytes max payload size,
1,Phantom Functions Supported,0h,0h,0h,0h,0h,0h,0h,0h,0h,0h,0h,0h,hex,012h,3,2,drop,4,0h/No Function Number bits are used for Phantom Functions.,1h/The most significant bit of the Function number in Requester ID is used for Phantom Functions,2h/The two most significant bits of Function Number in Requester ID are used for Phantom Functions,3h/All 3 bits of Function Number in Requester ID used for Phantom Functions,
1,Extended Tag Field Supported,0h,0h,0h,0h,0h,0h,0h,0h,0h,0h,0h,0h,hex,012h,5,1,drop,2,0h/5-bit Tag field supported,1h/8-bit Tag field supported,
1,Endpoint L0s Acceptable Latency,7h,7h,7h,7h,7h,7h,7h,7h,7h,7h,7h,7h,hex,012h,6,3,drop,8,0h/Maximum of 64 ns,1h/Maximum of 128 ns,2h/Maximum of 256 ns,3h/Maximum of 512 ns,4h/Maximum of 1 us,5h/Maximum of 2 us,6h/Maximum of 4 us,7h/No limit,
1,Endpoint L1 Acceptable Latency,7h,7h,7h,7h,7h,7h,7h,7h,7h,7h,7h,7h,hex,012h,9,3,drop,8,0h/Maximum of 1 us,1h/Maximum of 2 us,2h/Maximum of 4 us,3h/Maximum of 8 us,4h/Maximum of 16 us,5h/Maximum of 32 us,6h/Maximum of 64 us,7h/No limit,
1,Role-based Error Reporting,1h,1h,1h,1h,1h,1h,1h,1h,1h,1h,1h,1h,hex,012h,15,1,check,2,0h/Not Supported,1h/Supported,
1,Captured Slot Power Limit Value,19h,19h,19h,19h,19h,19h,19h,19h,19h,19h,19h,19h,hex,012h,18,8,text,1,(null),
1,Captured Slot Power Limit Scale,0h,0h,0h,0h,0h,0h,0h,0h,0h,0h,0h,0h,hex,012h,26,2,drop,4,0h/1.0x,1h/0.1x,2h/0.01x,3h/0.001x,
1,Function Level Reset Capability,1h,1h,1h,1h,1h,1h,1h,1h,1h,1h,1h,1h,hex,012h,28,1,check,2,0h/Not Supported,1h/Supported,
1,Maximum Link Speed,4h,4h,4h,4h,4h,4h,4h,4h,4h,4h,4h,4h,hex,016h,0,4,drop,7,1h/Supported Link Speeds Vector field bit 0(gen1),2h/Supported Link Speeds Vector field bit 1(gen2),3h/Supported Link Speeds Vector field bit 2(gen3),4h/Supported Link Speeds Vector field bit 3(gen4),5h/Supported Link Speeds Vector field bit 4,6h/Supported Link Speeds Vector field bit 5,7h/Supported Link Speeds Vector field bit 6,
1,Maximum Link Width,4h,4h,4h,4h,4h,4h,4h,4h,4h,4h,4h,4h,hex,016h,4,6,drop,3,1h/x1,2h/x2,4h/x4,
1,Active State Power Management Support,2h,2h,2h,2h,2h,2h,2h,2h,2h,2h,2h,2h,hex,016h,10,2,drop,4,0h/No ASPM Support,1h/L0s Supported,2h/L1 Supported,3h/L0s and L1 Supported,
1,L0s Exit Latency,4h,4h,4h,4h,4h,4h,4h,4h,4h,4h,4h,4h,hex,016h,12,3,drop,8,0h/Less than 64 ns,1h/64 ns to less than 128 ns,2h/128 ns to less than 256 ns,3h/256 ns to less than 512 ns,4h/512 ns to less than 1 us,5h/1 us to less than 2 us,6h/2 us to less than 4 us,7h/More than 4 us,
1,L1 Exit Latency,3h,3h,3h,3h,3h,3h,3h,3h,3h,3h,3h,3h,hex,016h,15,3,drop,8,0h/Less than 1us,1h/1 us to less than 2 us,2h/2 us to less than 4 us,3h/4 us to less than 8 us,4h/8 us to less than 16 us,5h/16 us to less than 32 us,6h/32 us to less than 64 us,7h/More than 64 us,
1,Clock Power Management,1h,1h,1h,1h,1h,1h,1h,1h,1h,1h,1h,1h,hex,016h,18,1,drop,2,1h/the component tolerates the removal of any reference clock(s) via the clock request (CLKREQ#) mechanism when the Link is in the L1 and L2/L3 Ready Link states.,0h/the component does not have this capability and that reference clock(s) must not be removed in these Link states.,
1,Completion Timeout Ranges Supported,Fh,Fh,Fh,Fh,Fh,Fh,Fh,Fh,Fh,Fh,Fh,Fh,hex,01Ah,0,4,drop,8,0h/Completion Timeout programming not supported - the Function must implement a timeout value in the range 50 us to 50 ms.,1h/50us to 10ms,2h/10 ms to 250 ms,3h/50 us to 250 ms,6h/10 ms to 4 s,7h/50 us to 4s,eh/10 ms to 64s,fh/50 us to 64s,
1,Latency Tolerance Reporting Supported,1h,1h,1h,1h,1h,1h,1h,1h,1h,1h,1h,1h,hex,01Ah,11,1,drop,2,1h/support for the optional Latency Tolerance Reporting (LTR) mechanism.,0h/not support for the optional Latency Tolerance Reporting (LTR) mechanism.,
1,OBFF Supported (Not support in PS),0h,0h,0h,0h,0h,0h,0h,0h,0h,0h,0h,0h,hex,01Ah,18,2,drop,4,0h/Not Supported,1h/supported using Message signaling only,2h/supported using WAKE# signaling only,3h/supported using WAKE# and Message signaling,
1,MSI-X Table Size(Max is Fh),Fh,Fh,Fh,Fh,Fh,Fh,Fh,Fh,Fh,Fh,Fh,Fh,hex,01Eh,0,11,text,1,MSI-X Table Size N which is encoded as N-1.,
1,Supported Link Speeds Vector,Fh,Fh,Fh,Fh,Fh,Fh,Fh,Fh,Fh,Fh,Fh,Fh,hex,020h,1,7,drop,4,1h/GEN1,3h/GEN1 and GEN2,7h/GEN1 and GEN2 and GEN3,Fh/GEN1 and GEN2 and GEN3 and GEN4,
1,ECRC Generation Capable,1h,1h,1h,1h,1h,1h,1h,1h,1h,1h,1h,1h,hex,021h,5,1,check,2,1h/Enable ECRC Generation Capable,0h/Disable ECRC Generation Capable,
1,ECRC Check Capable,1h,1h,1h,1h,1h,1h,1h,1h,1h,1h,1h,1h,hex,021h,7,1,check,2,1h/Enable ECRC Check Capable,0h/Disable ECRC Check Capable,
1,ASPM L1.x on operation power state,1h,1h,1h,1h,1h,1h,1h,1h,1h,1h,1h,1h,hex,022h,0,1,check,2,1h/Enable,0h/Disable,
1,ASPM PM L1.2 Supported ,1h,1h,1h,1h,1h,1h,1h,1h,1h,1h,1h,1h,hex,022h,2,1,check,2,1h/Enable,0h/Disable,
1,ASPM PM L1.1 Supported ,1h,1h,1h,1h,1h,1h,1h,1h,1h,1h,1h,1h,hex,022h,3,1,check,2,1h/Enable,0h/Disable,
1,L1.2 LTR MSG TIMER0 (22~24 us/unit),BB8h,BB8h,BB8h,BB8h,BB8h,BB8h,BB8h,BB8h,BB8h,BB8h,BB8h,BB8h,hex,026h,0,16,text,0,
1,L0s Entrance Latency,6h,6h,6h,6h,6h,6h,6h,6h,6h,6h,6h,6h,hex,026h,24,3,drop,7,0h/1us,1h/2us,2h/3us,3h/4us,4h/5us,5h/6us,6h/7us,
1,L1 Entrance Latency,4h,4h,4h,4h,4h,4h,4h,4h,4h,4h,4h,4h,hex,026h,27,3,drop,7,0h/1us,1h/2us,2h/4us,3h/8us,4h/16us,5h/32us,6h/64us,
1,L1 LTR MSG TIMER (22~24 us/unit),0h,0h,0h,0h,0h,0h,0h,0h,0h,0h,0h,0h,hex,02Ah,0,16,text,0,
1,L1.2 LTR MSG TIMER1 (22~24 us/unit),0h,0h,0h,0h,0h,0h,0h,0h,0h,0h,0h,0h,hex,02Ah,16,15,text,0,
1,Select L1.2 LTR MSG TIMER,0h,0h,0h,0h,0h,0h,0h,0h,0h,0h,0h,0h,hex,02Ah,31,1,check,2,1h/L1.2 LTR MSG TIMER1,0h/L1.2 LTR MSG TIMER0,
1,ASIC PERST RC deglitch,0h,0h,0h,0h,0h,0h,0h,0h,0h,0h,0h,0h,hex,02Eh,0,1,drop,2,0h/IO pad (default),1h/RC filter output (filter < ~2us glitch) ,
1,PG MODE,1h,1h,1h,1h,1h,1h,1h,1h,1h,1h,1h,1h,hex,02Eh,1,1,check,2,1h/Enable,0h/Disable,
1,Subsystem Vendor ID (SSVID),126Fh,126Fh,126Fh,126Fh,126Fh,126Fh,126Fh,1344h,1344h,1344h,1344h,1344h,hex,032h,0,16,text,1,Indicates the sub-system vendor identifier,
1,Subsystem ID (SSID),2269h,2269h,2269h,2269h,2269h,2269h,2269h,1100h,1100h,1100h,1100h,1100h,hex,034h,0,16,text,1,Indicates the sub-system identifier.,
1,Link Monitor Control,1h,1h,1h,1h,1h,1h,1h,1h,1h,1h,1h,1h,hex,036h,0,1,check,2,1h/Enable,0h/Disable,
1,Link Monitor StopState0,3Fh,3Fh,3Fh,3Fh,3Fh,3Fh,3Fh,3Fh,3Fh,3Fh,3Fh,3Fh,hex,037h,0,6,text,0,
1,Link Monitor StopState1,3Fh,3Fh,3Fh,3Fh,3Fh,3Fh,3Fh,3Fh,3Fh,3Fh,3Fh,3Fh,hex,038h,0,6,text,0,
1,Link Monitor topState2,3Fh,3Fh,3Fh,3Fh,3Fh,3Fh,3Fh,3Fh,3Fh,3Fh,3Fh,3Fh,hex,039h,0,6,text,0,
1,Link Monitor StopState3,3Fh,3Fh,3Fh,3Fh,3Fh,3Fh,3Fh,3Fh,3Fh,3Fh,3Fh,3Fh,hex,03Ah,0,6,text,0,
1,Link Monitor StopState4,3Fh,3Fh,3Fh,3Fh,3Fh,3Fh,3Fh,3Fh,3Fh,3Fh,3Fh,3Fh,hex,03Bh,0,6,text,0,
1,Link Monitor StopState5,3Fh,3Fh,3Fh,3Fh,3Fh,3Fh,3Fh,3Fh,3Fh,3Fh,3Fh,3Fh,hex,03Ch,0,6,text,0,
1,Link Monitor Stay Time 15ms_0,Fh,Fh,Fh,Fh,Fh,Fh,Fh,Fh,Fh,Fh,Fh,Fh,hex,03Dh,0,8,text,0,
1,Link Monitor Stay Time 15ms_1,0h,0h,0h,0h,0h,0h,0h,0h,0h,0h,0h,0h,hex,03Eh,0,3,text,0,
1,Link Monitor StateCntEnable,1h,1h,1h,1h,1h,1h,1h,1h,1h,1h,1h,1h,hex,03Fh,0,1,check,2,1h/Enable,0h/Disable,
1,Link Monitor CntNoLimit,0h,0h,0h,0h,0h,0h,0h,0h,0h,0h,0h,0h,hex,03Fh,1,1,check,2,1h/Counter will loop without limit,0h/Counter will stop and maximum value FFh or FFFFh depend on the mearge setting,
1,Link Monitor MergeState01(Only valid when MergeCnt01 asserted),0h,0h,0h,0h,0h,0h,0h,0h,0h,0h,0h,0h,hex,040h,0,1,check,2,1h/The counter will count the times when LTSSM jumping exit from state 0 and enter state 1 ,0h/The counter will count the times when LTSSM enter state 0,
1,Link Monitor MergeState23(Only valid when MergeCnt23 asserted),1h,1h,1h,1h,1h,1h,1h,1h,1h,1h,1h,1h,hex,040h,1,1,check,2,1h/The counter will count the times when LTSSM jumping exit from state 2 and enter state 3 ,0h/The counter will count the times when LTSSM enter state 2,
1,Link Monitor MergeCnt01,0h,0h,0h,0h,0h,0h,0h,0h,0h,0h,0h,0h,hex,040h,2,1,check,2,1h/Enable Merge counter 0 and counter 1 to become one 16 bits counter,0h/Disable Merge counter 0 and counter 1 to become one 16 bits counter,
1,Link Monitor MergeCnt23,1h,1h,1h,1h,1h,1h,1h,1h,1h,1h,1h,1h,hex,040h,3,1,check,2,1h/Enable Merge counter 2 and counter 3 to become one 16 bits counter,0h/Disable Merge counter 2 and counter 3 to become one 16 bits counter,
1,Link Monitor CalState0,22h,22h,22h,22h,22h,22h,22h,22h,22h,22h,22h,22h,hex,041h,0,6,text,0,
1,Link Monitor CalState1,0Eh,0Eh,0Eh,0Eh,0Eh,0Eh,0Eh,0Eh,0Eh,0Eh,0Eh,0Eh,hex,042h,0,6,text,0,
1,Link Monitor CalState2,11h,11h,11h,11h,11h,11h,11h,11h,11h,11h,11h,11h,hex,043h,0,6,text,0,
1,Link Monitor CalState3,0Dh,0Dh,0Dh,0Dh,0Dh,0Dh,0Dh,0Dh,0Dh,0Dh,0Dh,0Dh,hex,044h,0,6,text,0,
NVMe,80,280h,
1,Optional Admin Command Support (OACS) - Security Send and Security Receive commands,1h,1h,1h,1h,1h,1h,1h,1h,1h,1h,1h,1h,hex,000h,0,1,check,2,1h/Enable,0h/Disable,
1,Optional Admin Command Support (OACS) - Format NVM command,1h,1h,1h,1h,1h,1h,1h,1h,1h,1h,1h,1h,hex,000h,1,1,check,2,1h/Enable,0h/Disable,
1,Optional Admin Command Support (OACS) - Firmware Commit/Firmware Image Download commands,1h,1h,1h,1h,1h,1h,1h,1h,1h,1h,1h,1h,hex,000h,2,1,check,2,1h/Enable,0h/Disable,
1,Optional Admin Command Support (OACS) - Namespace Management/Attachment commands,1h,1h,1h,1h,1h,1h,1h,0h,0h,0h,0h,0h,hex,000h,3,1,check,2,1h/Enable,0h/Disable,
1,Optional Admin Command Support (OACS) - Device Self-Test,1h,1h,1h,1h,1h,1h,1h,1h,1h,1h,1h,1h,hex,000h,4,1,check,2,1h/Enable,0h/Disable,
1,Optional Admin Command Support (OACS) - Directives,0h,0h,0h,0h,0h,0h,0h,0h,0h,0h,0h,0h,hex,000h,5,1,check,2,1h/Enable,0h/Disable,
1,Optional Admin Command Support (OACS) - NVMe-MI Send/Receive commands,0h,0h,0h,0h,0h,0h,0h,0h,0h,0h,0h,0h,hex,000h,6,1,check,2,1h/Enable,0h/Disable,
1,Optional Admin Command Support (OACS) - Virtualization Management command,0h,0h,0h,0h,0h,0h,0h,0h,0h,0h,0h,0h,hex,000h,7,1,check,2,1h/Enable,0h/Disable,
1,Abort Command Limit (ACL),3h,3h,3h,3h,3h,3h,3h,3h,3h,3h,3h,3h,hex,002h,0,8,text,0,
1,Asynchronous Event Request Limit (AERL),7h,7h,7h,7h,7h,7h,7h,3h,3h,3h,3h,3h,hex,003h,0,8,text,0,
1,Firmware Updates (FRMW) - number of firmware slots,3h,3h,3h,3h,3h,3h,3h,2h,2h,2h,2h,2h,hex,004h,1,3,text,0,
1,Firmware Updates (FRMW) - firmware activation without a reset,1h,1h,1h,1h,1h,1h,1h,1h,1h,1h,1h,1h,hex,004h,4,1,check,2,1h/Enable,0h/Disable,
1,Log Page Attributes (LPA) - SMART on a per NS basis,0h,0h,0h,0h,0h,0h,0h,0h,0h,0h,0h,0h,hex,005h,0,1,check,2,1h/Enable,0h/Disable,
1,Log Page Attributes (LPA) - Command Effects log page,1h,1h,1h,1h,1h,1h,1h,1h,1h,1h,1h,1h,hex,005h,1,1,check,2,1h/Enable,0h/Disable,
1,Log Page Attributes (LPA) - Extended data support,0h,0h,0h,0h,0h,0h,0h,1h,1h,1h,1h,1h,hex,005h,2,1,check,2,1h/Enable,0h/Disable,
1,Log Page Attributes (LPA) - Telemetry Log Pages support,1h,1h,1h,1h,1h,1h,1h,1h,1h,1h,1h,1h,hex,005h,3,1,check,2,1h/Enable,0h/Disable,
1,Log Page Attributes (LPA) - Persistent Event log support,1h,1h,1h,1h,1h,1h,1h,1h,1h,1h,1h,1h,hex,005h,4,1,check,2,1h/Enable,0h/Disable,
1,Error Log Page Entries (ELPE),FFh,FFh,FFh,FFh,FFh,FFh,FFh,3Fh,3Fh,3Fh,3Fh,3Fh,hex,006h,0,8,text,0,
1,Number of Power States Support (NPSS),4h,4h,4h,4h,4h,4h,4h,4h,4h,4h,4h,4h,hex,007h,0,8,text,0,
1,Autonomous Power State Transition Attributes (APSTA),1h,1h,1h,1h,1h,1h,1h,1h,1h,1h,1h,1h,hex,008h,0,1,check,2,1h/Enable,0h/Disable,
1,Optional NVM Command Support (ONCS) - Compare command,1h,1h,1h,1h,1h,1h,1h,1h,1h,1h,1h,1h,hex,009h,0,1,check,2,1h/Enable,0h/Disable,
1,Optional NVM Command Support (ONCS) - Write Uncorrectable,1h,1h,1h,1h,1h,1h,1h,1h,1h,1h,1h,1h,hex,009h,1,1,check,2,1h/Enable,0h/Disable,
1,Optional NVM Command Support (ONCS) - Dataset Management command,1h,1h,1h,1h,1h,1h,1h,1h,1h,1h,1h,1h,hex,009h,2,1,check,2,1h/Enable,0h/Disable,
1,Optional NVM Command Support (ONCS) - Write Zeroes command,1h,1h,1h,1h,1h,1h,1h,1h,1h,1h,1h,1h,hex,009h,3,1,check,2,1h/Enable,0h/Disable,
1,Optional NVM Command Support (ONCS) - Save field and the Select field,1h,1h,1h,1h,1h,1h,1h,1h,1h,1h,1h,1h,hex,009h,4,1,check,2,1h/Enable,0h/Disable,
1,Optional NVM Command Support (ONCS) - Reservations,0h,0h,0h,0h,0h,0h,0h,0h,0h,0h,0h,0h,hex,009h,5,1,check,2,1h/Enable,0h/Disable,
1,Optional NVM Command Support (ONCS) - Timestamp feature,1h,1h,1h,1h,1h,1h,1h,1h,1h,1h,1h,1h,hex,009h,6,1,check,2,1h/Enable,0h/Disable,
1,Optional NVM Command Support (ONCS) - Verify command,0h,0h,0h,0h,0h,0h,0h,0h,0h,0h,0h,0h,hex,009h,7,1,check,2,1h/Enable,0h/Disable,
1,Warning Composite Temperature Threshold (WCTEMP)(in degree K),164h,164h,164h,164h,164h,164h,164h,163h,163h,163h,163h,163h,hex,00Bh,0,16,text,1,In degree Kelvin,
1,Critical Composite Temperature Threshold (CCTEMP)(in degree K),16Bh,16Bh,16Bh,16Bh,16Bh,16Bh,16Bh,165h,165h,165h,165h,165h,hex,00Dh,0,16,text,1,In degree Kelvin,
1,Controller Capabilities - Maximum Queue Entries Supported (MQES),FFh,FFh,FFh,FFh,FFh,FFh,FFh,3FFFh,3FFFh,3FFFh,3FFFh,3FFFh,hex,010h,0,16,text,0,
1,Controller Capabilities - Arbitration Mechanism Supported (AMS),0h,0h,0h,0h,0h,0h,0h,0h,0h,0h,0h,0h,hex,010h,17,2,drop,2,0h/Weighted Round Robin,1h/Weighted Round Robin with Urgent Priority Class,
1,Controller Capabilities - ContiguousQueuesRequired (CQR),1h,1h,1h,1h,1h,1h,1h,1h,1h,1h,1h,1h,hex,010h,16,1,check,2,0h/Not Required,1h/Required,
1,Controller Capabilities - Timeout (TO),F0h,F0h,F0h,F0h,F0h,F0h,F0h,F0h,F0h,F0h,F0h,F0h,hex,010h,24,8,text,0,
1,Controller Capabilities - NVM Subsystem Reset Supported (NSSRS),1h,1h,1h,1h,1h,1h,1h,1h,1h,1h,1h,1h,hex,010h,36,1,check,2,1h/Enable,0h/Disable,
1,Controller Capabilities - Memory Page Size Minimum,0h,0h,0h,0h,0h,0h,0h,0h,0h,0h,0h,0h,hex,010h,48,4,text,0,
1,Controller Capabilities - Memory Page Size Maximum,1h,1h,1h,1h,1h,1h,1h,1h,1h,1h,1h,1h,hex,010h,52,4,text,0,
1,Volatile Write Cache (VWC),1h,1h,1h,1h,1h,1h,1h,1h,1h,1h,1h,1h,hex,018h,0,1,check,2,1h/Enable,0h/Disable,
1,Volatile Write Cache (VWC) - Flush command behavior (refer to section 6.8) if the NSID value is set to FFFFFFFFh,0h,0h,0h,0h,0h,0h,0h,3h,3h,3h,3h,3h,hex,018h,1,2,drop,3,0h/Support for the NSID field set to FFFFFFFFh is not indicated.,2h/The Flush command does not support the NSID field set to FFFFFFFFh.,3h/The Flush command supports the NSID field set to FFFFFFFF.,
1,Recommended Arbitration Burst (RAB),6h,3h,3h,3h,3h,3h,3h,6h,6h,6h,6h,6h,hex,019h,0,8,text,0,
1,VID,126Fh,1C5Ch,1C5Ch,1C5Ch,1C5Ch,1C5Ch,1C5Ch,1344h,1344h,1344h,1344h,1344h,hex,01Ah,0,16,text,0,
1,SSVID,126Fh,1C5Ch,1C5Ch,1C5Ch,1C5Ch,1C5Ch,1C5Ch,1344h,1344h,1344h,1344h,1344h,hex,01Ch,0,16,text,0,
1,Maximum Data Transfer Size (MDTS) (2^n * 4KB),6h,6h,6h,6h,6h,6h,6h,6h,6h,6h,6h,6h,hex,01Eh,0,8,text,0,
1,Format NVM Attributes (FNA) - Format namespaces,1h,1h,1h,1h,1h,1h,1h,0h,0h,0h,0h,0h,hex,01Fh,0,1,drop,2,1h/all namespaces shall be configured with the same attributes and a format of any namespace results in a format of all namespaces,0h/the controller supports format on a per namespace basis,
1,Format NVM Attributes (FNA) - Secrue erase namespaces,0h,0h,0h,0h,0h,0h,0h,0h,0h,0h,0h,0h,hex,01Fh,1,1,drop,2,1h/A cryptographic(or user data) erase of a particular namespace as part of a format results in a cryptographic (or user data) erase of all namespaces.,0h/A cryptographic erase or user data erase as part of a format is performed on a per namespace basis.,
1,Format NVM Attributes (FNA) - Cryptographic erase support,1h,0h,1h,0h,0h,0h,0h,0h,0h,0h,0h,0h,hex,01Fh,2,1,drop,2,1h/Cryptographic erase is supported.,0h/Cryptographic erase is not supported.,
1,Version (VER),00010300h,00010300h,00010300h,00010300h,00010300h,00010300h,00010300h,00010400h,00010400h,00010400h,00010400h,00010400h,hex,020h,0,32,text,0,
1,RTD3 Resume Latency (RTD3R) (us),100000,100000,100000,100000,100000,100000,100000,500000,500000,500000,500000,500000,dec,024h,0,32,text,0,
1,RTD3 Entry Latency (RTD3E) (us),80000,500000,500000,500000,500000,500000,500000,5000000,5000000,5000000,5000000,5000000,dec,028h,0,32,text,0,
1,Fused Operation Support (FUSES),0h,0h,0h,0h,0h,0h,0h,0h,0h,0h,0h,0h,hex,02Ch,0,1,check,2,1h/Enable,0h/Disable,
1,Ignore NSID In IdentifyNamespace(CSSD-2069),0h,0h,0h,0h,0h,0h,0h,0h,0h,0h,0h,0h,hex,02Eh,0,1,check,2,1h/Enable,0h/Disable,
1,Ignore NSID In Identify Controller(CSSD-2069),1h,1h,1h,1h,1h,1h,1h,1h,1h,1h,1h,1h,hex,02Eh,1,1,check,2,1h/Enable,0h/Disable,
1,PELS,1h,1h,1h,1h,1h,1h,1h,1h,1h,1h,1h,1h,hex,02Fh,0,8,text,0,
1,Maximum Time for Firmware Activation (MTFA)(Not support in PS),64h,32h,64h,64h,64h,64h,64h,32h,32h,32h,32h,32h,hex,030h,0,16,text,0,
1,Minimum Thermal Management Temperature (MNTMT),12Fh,12Fh,12Fh,12Fh,12Fh,12Fh,12Fh,157h,157h,157h,157h,157h,hex,032h,0,16,text,0,
1,Maximum Thermal Management Temperature (MXTMT),164h,164h,164h,164h,164h,164h,164h,166h,166h,166h,166h,166h,hex,034h,0,16,text,0,
1,Sanitize operation (SANICAP) - Crypto Erase,1h,1h,1h,1h,1h,1h,1h,1h,1h,1h,1h,1h,hex,036h,0,1,check,2,1h/Enable,0h/Disable,
1,Sanitize operation (SANICAP) - Block Erase,1h,1h,1h,1h,1h,1h,1h,1h,1h,1h,1h,1h,hex,036h,1,1,check,2,1h/Enable,0h/Disable,
1,Sanitize operation (SANICAP) - Overwrite,0h,0h,0h,0h,0h,0h,0h,0h,0h,0h,0h,0h,hex,036h,2,1,check,2,1h/Enable,0h/Disable,
1,Sanitize operation (SANICAP) - No-Deallocate Inhibited(NDI),0h,0h,0h,0h,0h,0h,0h,1h,1h,1h,1h,1h,hex,039h,5,1,text,0,
1,Sanitize operation (SANICAP) - No-Deallocate Modifies Media After Sanitize(NODMMAS),0h,0h,0h,0h,0h,0h,0h,2h,2h,2h,2h,2h,hex,039h,6,2,text,0,
1,CTRATT,0h,0h,0h,0h,0h,0h,0h,2h,2h,2h,2h,2h,hex,03Ah,0,32,text,0,
1,AWUN,FFh,FFh,FFh,FFh,FFh,FFh,FFh,FFh,FFh,FFh,FFh,FFh,hex,03Eh,0,16,text,0,
1,Namespace UUID,00000000000000000000000000000000h,00000000000000000000000000000000h,00000000000000000000000000000000h,00000000000000000000000000000000h,00000000000000000000000000000000h,00000000000000000000000000000000h,00000000000000000000000000000000h,00000000000000000000000000000000h,00000000000000000000000000000000h,00000000000000000000000000000000h,00000000000000000000000000000000h,00000000000000000000000000000000h,hex,040h,0,128,text,0,
1,Asynchronous Event Configuration-SMART Spare TH,1h,1h,1h,1h,1h,1h,1h,1h,1h,1h,1h,1h,hex,050h,0,1,check,2,1h/Enable,0h/Disable,
1,Asynchronous Event Configuration-SMART Temp TH,1h,1h,1h,1h,1h,1h,1h,1h,1h,1h,1h,1h,hex,050h,1,1,check,2,1h/Enable,0h/Disable,
1,Asynchronous Event Configuration-NVM Reliability,1h,1h,1h,1h,1h,1h,1h,1h,1h,1h,1h,1h,hex,050h,2,1,check,2,1h/Enable,0h/Disable,
1,Asynchronous Event Configuration-Read Only Mode,1h,1h,1h,1h,1h,1h,1h,1h,1h,1h,1h,1h,hex,050h,3,1,check,2,1h/Enable,0h/Disable,
1,NVSCC,1h,1h,1h,1h,1h,1h,1h,1h,1h,1h,1h,1h,hex,051h,0,8,text,0,
1,Short Device Self-test Scan Region Number (4K Unit),32,32,32,32,32,32,32,32,32,32,32,32,dec,052h,0,8,text,0,
1,Extended Device Self-test Scan Region Number (4K Unit),32,32,32,32,32,32,32,32,32,32,32,32,dec,053h,0,8,text,0,
1,Enable HMB,1h,1h,1h,1h,1h,1h,1h,1h,1h,1h,1h,1h,hex,054h,0,1,check,2,1h/Enable,0h/Disable,
1,Enable Namespace,0h,0h,0h,0h,0h,0h,0h,0h,0h,0h,0h,0h,hex,054h,1,1,check,2,1h/Enable,0h/Disable,
1,Enable IRST Cmd Passthrough,1h,1h,1h,1h,1h,1h,1h,1h,1h,1h,1h,1h,hex,054h,2,1,check,2,1h/Enable,0h/Disable,
1,Max Namespace Number,1,1,1,1,1,1,1,1,1,1,1,1,dec,055h,0,8,text,0,
1,Number of Queues - Controls the return value of Set Feature - Number of Queues command (zero based 0 ~ 15),15,15,15,15,15,15,15,15,15,15,15,15,dec,056h,0,4,text,0,
1,SupportLBAF_4K,1h,1h,1h,1h,1h,1h,1h,0h,0h,0h,0h,0h,hex,057h,0,1,check,2,1h/Enable,0h/Disable,
1,Maximum Outstanding Commands (MAXCMD),0h,0h,0h,0h,0h,0h,0h,100h,100h,100h,100h,100h,hex,058h,0,16,text,0,
1,Host Memory Maximum Descriptors Entries (HMMAXD),0h,0h,0h,0h,0h,0h,0h,10h,10h,10h,10h,10h,hex,05Ah,0,16,text,0,
1,Host Memory Buffer Minimum Descriptor Entry Size (HMMINDS),0h,0h,0h,0h,0h,0h,0h,0h,0h,0h,0h,0h,hex,05Ch,0,32,text,0,
PowerState,29,320h,
1,PS0 Entry Latency (ENLAT),0,0,0,0,0,0,0,0,0,0,0,0,dec,000h,0,32,text,0,
1,PS0 Exit Latency (EXLAT),0,0,0,0,0,0,0,0,0,0,0,0,dec,004h,0,32,text,0,
1,PS1 Entry Latency (ENLAT),0,0,0,0,0,0,0,0,0,0,0,0,dec,008h,0,32,text,0,
1,PS1 Exit Latency (EXLAT),0,0,0,0,0,0,0,0,0,0,0,0,dec,00Ch,0,32,text,0,
1,PS2 Entry Latency (ENLAT),0,0,0,0,0,0,0,0,0,0,0,0,dec,010h,0,32,text,0,
1,PS2 Exit Latency (EXLAT),0,0,0,0,0,0,0,0,0,0,0,0,dec,014h,0,32,text,0,
1,PS3 Entry Latency (ENLAT),5000,5000,5000,5000,5000,5000,5000,5000,5000,5000,5000,5000,dec,018h,0,32,text,0,
1,PS3 Exit Latency (EXLAT),5000,5000,5000,5000,5000,5000,5000,5000,5000,5000,5000,5000,dec,01Ch,0,32,text,0,
1,PS4 Entry Latency (ENLAT),20000,20000,20000,20000,20000,20000,20000,20000,20000,20000,20000,20000,dec,020h,0,32,text,0,
1,PS4 Exit Latency (EXLAT),20000,20000,20000,20000,20000,20000,20000,20000,20000,20000,20000,20000,dec,024h,0,32,text,0,
1,PS0 Maximum Power (MP),900,900,900,900,900,900,900,900,900,900,900,900,dec,028h,0,16,text,0,
1,PS0 Max Power Scale (MXPS),0h,0h,0h,0h,0h,0h,0h,0h,0h,0h,0h,0h,hex,02Ah,0,1,drop,2,1h/0.0001Watts,0h/0.01Watts,
1,PS1 Maximum Power (MP),460,460,460,460,460,460,460,460,460,460,460,460,dec,02Ch,0,16,text,0,
1,PS1 Max Power Scale (MXPS),0h,0h,0h,0h,0h,0h,0h,0h,0h,0h,0h,0h,hex,02Eh,0,1,drop,2,1h/0.0001Watts,0h/0.01Watts,
1,PS2 Maximum Power (MP),380,380,380,380,380,380,380,380,380,380,380,380,dec,030h,0,16,text,0,
1,PS2 Max Power Scale (MXPS),0h,0h,0h,0h,0h,0h,0h,0h,0h,0h,0h,0h,hex,032h,0,1,drop,2,1h/0.0001Watts,0h/0.01Watts,
1,PS3 Maximum Power (MP),250,250,250,250,250,250,250,250,250,250,250,250,dec,034h,0,16,text,0,
1,PS3 Max Power Scale (MXPS),1h,1h,1h,1h,1h,1h,1h,1h,1h,1h,1h,1h,hex,036h,0,1,drop,2,1h/0.0001Watts,0h/0.01Watts,
1,PS4 Maximum Power (MP),40,40,40,40,40,40,40,40,40,40,40,40,dec,038h,0,16,text,0,
1,PS4 Max Power Scale (MXPS),1h,1h,1h,1h,1h,1h,1h,1h,1h,1h,1h,1h,hex,03Ah,0,1,drop,2,1h/0.0001Watts,0h/0.01Watts,
1,PS0 Idle Power (IDLP),30,30,30,30,30,30,30,30,30,30,30,30,dec,03Ch,0,16,text,0,
1,PS0 Idle Power Scale (IPS),2,2,2,2,2,2,2,2,2,2,2,2,dec,03Eh,6,2,text,0,
1,PS0 Active Power (ACTP),35000,35000,35000,35000,35000,35000,35000,35000,35000,35000,35000,35000,dec,040h,0,16,text,0,
1,PS0 Active Power Workload (APW),2,2,2,2,2,2,2,2,2,2,2,2,dec,042h,0,3,text,0,
1,PS0 Active Power Scale (APS),1,1,1,1,1,1,1,1,1,1,1,1,dec,042h,6,2,text,0,
1,Don't Set External Power Down Pin at PS4,0h,0h,0h,0h,0h,0h,0h,0h,0h,0h,0h,0h,hex,043h,0,1,check,2,1h/Enable,0h/Disable,
1,Enable Flash Power Down Pin at PS4,1h,1h,1h,1h,1h,1h,1h,1h,1h,1h,1h,1h,hex,043h,1,1,check,2,1h/Enable,0h/Disable,
1,Force APST(wo host enable),0h,0h,0h,0h,0h,0h,0h,0h,0h,0h,0h,0h,hex,044h,0,8,check,2,1h/Enable,0h/Disable,
1,PS4 Flash power down Time (ms),150,150,150,150,150,150,150,150,150,150,150,150,dec,045h,0,8,text,0,
Thermal,61,380h,
1,Thermal throttle,1h,1h,1h,1h,1h,1h,1h,1h,1h,1h,1h,1h,hex,000h,0,1,check,2,1h/Enable,0h/Disable,
1,Idle Sleep,1h,1h,1h,1h,1h,1h,1h,1h,1h,1h,1h,1h,hex,000h,1,1,check,2,1h/Enable,0h/Disable,
1,Shutdown hang (auto disable when ShutDown - SysClk < 25MHz),0h,0h,0h,0h,0h,0h,0h,0h,0h,0h,0h,0h,hex,000h,2,1,check,2,1h/Enable,0h/Disable,
1,Thermal throttle by Command throttle,1h,1h,1h,1h,1h,1h,1h,1h,1h,1h,1h,1h,hex,000h,3,1,check,2,1h/Enable,0h/Disable,
1,Select Normalization Calculation(AlwaysOn),0h,0h,0h,0h,0h,0h,0h,0h,0h,0h,0h,0h,hex,000h,4,1,check,2,1h/Enable,0h/Disable,
1,PS2 to PS1 StepDown,1h,1h,1h,1h,1h,1h,1h,1h,1h,1h,1h,1h,hex,000h,5,1,check,2,1h/Enable,0h/Disable,
1,Normalize Sensor Select,0h,0h,0h,0h,0h,0h,0h,0h,0h,0h,0h,0h,hex,001h,0,2,drop,4,0h/ASIC Sensor 0,1h/ASIC Sensor 1,2h/External Sensor,3h/NAND Sensor,
1,Nand Sensor Channel,0,0,0,0,0,0,0,0,0,0,0,0,dec,002h,0,4,drop,8,0/ch0,1/ch1,2/ch2,3/ch3,4/ch4,5/ch5,6/ch6,7/ch7,
1,Nand Sensor CE,0,0,0,0,0,0,0,0,0,0,0,0,dec,002h,4,4,drop,4,0/ce0,1/ce1,2/ce2,3/ce3,
1,Light Throttle temperature in degree C (MT1),80,80,80,80,80,80,80,80,80,80,80,80,dec,003h,0,8,text,0,
1,Delta to MT1 fall,4,4,4,4,4,4,4,4,4,4,4,4,dec,004h,0,8,text,0,
1,Heavy Throttle temperature in degree C (MT2),85,85,85,85,85,85,85,85,85,85,85,85,dec,005h,0,8,text,0,
1,Delta to MT2 fall,4,4,4,4,4,4,4,4,4,4,4,4,dec,006h,0,8,text,0,
1,Showdown temperature in degree C (MT3),90,90,90,90,90,90,90,90,90,90,90,90,dec,007h,0,8,text,0,
1,Delta to MT3 fall,4,4,4,4,4,4,4,4,4,4,4,4,dec,008h,0,8,text,0,
1,Temp sensor polling time,1,1,1,1,1,1,1,1,1,1,1,1,dec,009h,0,8,drop,11,0/Disable,1/1sec,2/2sec,3/3sec,4/4sec,5/5sec,10/10sec,15/15sec,20/20sec,25/25sec,30/30sec,
1,ASIC Trim Value,0,0,0,0,0,0,0,0,0,0,0,0,dec,00Ch,0,8,text,0,
1,Max Thermal Log in Idle(avoid to flush log space),5,5,5,5,5,5,5,5,5,5,5,5,dec,00Dh,0,8,drop,11,0/No Limit,1/1 log,2/2 log,3/3 log,4/4 log,5/5 log,10/10 log,15/15 log,20/20 log,25/25 log,30/30 log,
1,Sleep Idle Threshold (from 0 to 255 ms),5,5,5,5,5,5,5,5,5,5,5,5,dec,00Eh,0,8,text,0,
1,PCIe Link flow control,0,0,0,0,0,0,0,0,0,0,0,0,dec,00Fh,0,8,drop,4,0/Only PS0 in RW Force L0,1/PS1 PS2 always Allow L1,2/CPU idle and Power State Allow L1,3/PS0 in RW and CPU idle Force L0,
1,PS0 - SysClk,650,650,650,650,650,650,650,600,600,600,600,600,dec,010h,0,16,drop,14,650/650Mhz,625/625Mhz,600/600Mhz,575/575Mhz,550/550Mhz,533/533Mhz,500/500Mhz,400/400Mhz,325/325Mhz,250/250Mhz,100/100Mhz,75/75Mhz,50/50Mhz,25/25Mhz,
1,PS0 - LDPCClk,500,500,500,500,500,500,500,500,500,500,500,500,dec,012h,0,16,drop,15,800/800Mhz,780/780Mhz,600/600Mhz,533/533Mhz,500/500Mhz,400/400Mhz,325/325Mhz,266/266Mhz,250/250Mhz,200/200Mhz,166/166Mhz,133/133Mhz,100/100Mhz,83/83Mhz,66/66Mhz,
1,PS0 - FlashClk,780,780,780,780,780,780,780,800,800,800,800,800,dec,014h,0,16,drop,15,800/800Mhz,780/780Mhz,600/600Mhz,533/533Mhz,500/500Mhz,400/400Mhz,325/325Mhz,266/266Mhz,250/250Mhz,200/200Mhz,166/166Mhz,133/133Mhz,100/100Mhz,83/83Mhz,66/66Mhz,
1,PS0 - Command Throttle Active Time (ms),0,0,0,0,0,0,0,0,0,0,0,0,dec,016h,0,8,text,0,
1,PS0 - Command Throttle Idle Time (ms),0,0,0,0,0,0,0,0,0,0,0,0,dec,017h,0,8,text,0,
1,PS1 - SysClk,250,250,250,250,250,250,250,250,250,250,250,250,dec,018h,0,16,drop,14,650/650Mhz,625/625Mhz,600/600Mhz,575/575Mhz,550/550Mhz,533/533Mhz,500/500Mhz,400/400Mhz,325/325Mhz,250/250Mhz,100/100Mhz,75/75Mhz,50/50Mhz,25/25Mhz,
1,PS1 - LDPCClk,250,250,250,250,250,250,250,250,250,250,250,250,dec,01Ah,0,16,drop,15,800/800Mhz,780/780Mhz,600/600Mhz,533/533Mhz,500/500Mhz,400/400Mhz,325/325Mhz,266/266Mhz,250/250Mhz,200/200Mhz,166/166Mhz,133/133Mhz,100/100Mhz,83/83Mhz,66/66Mhz,
1,PS1 - FlashClk,250,250,250,250,250,250,250,250,250,250,250,250,dec,01Ch,0,16,drop,15,800/800Mhz,780/780Mhz,600/600Mhz,533/533Mhz,500/500Mhz,400/400Mhz,325/325Mhz,266/266Mhz,250/250Mhz,200/200Mhz,166/166Mhz,133/133Mhz,100/100Mhz,83/83Mhz,66/66Mhz,
1,PS1 - Command Throttle Active Time (ms),100,100,100,100,100,100,100,100,100,100,100,100,dec,01Eh,0,8,text,0,
1,PS1 - Command Throttle Idle Time (ms),100,100,100,100,100,100,100,100,100,100,100,100,dec,01Fh,0,8,text,0,
1,PS2 - SysClk,75,75,75,75,75,75,75,75,75,75,75,75,dec,020h,0,16,drop,14,650/650Mhz,625/625Mhz,600/600Mhz,575/575Mhz,550/550Mhz,533/533Mhz,500/500Mhz,400/400Mhz,325/325Mhz,250/250Mhz,100/100Mhz,75/75Mhz,50/50Mhz,25/25Mhz,
1,PS2 - LDPCClk,100,100,100,100,100,100,100,100,100,100,100,100,dec,022h,0,16,drop,15,800/800Mhz,780/780Mhz,600/600Mhz,533/533Mhz,500/500Mhz,400/400Mhz,325/325Mhz,266/266Mhz,250/250Mhz,200/200Mhz,166/166Mhz,133/133Mhz,100/100Mhz,83/83Mhz,66/66Mhz,
1,PS2 - FlashClk,100,100,100,100,100,100,100,100,100,100,100,100,dec,024h,0,16,drop,15,800/800Mhz,780/780Mhz,600/600Mhz,533/533Mhz,500/500Mhz,400/400Mhz,325/325Mhz,266/266Mhz,250/250Mhz,200/200Mhz,166/166Mhz,133/133Mhz,100/100Mhz,83/83Mhz,66/66Mhz,
1,PS2 - Command Throttle Active Time (ms),50,50,50,50,50,50,50,50,50,50,50,50,dec,026h,0,8,text,0,
1,PS2 - Command Throttle Idle Time (ms),150,150,150,150,150,150,150,150,150,150,150,150,dec,027h,0,8,text,0,
1,ShutDown - SysClk,100,100,100,100,100,100,100,100,100,100,100,100,dec,028h,0,16,drop,7,575/575Mhz,400/400Mhz,325/325Mhz,250/250Mhz,100/100Mhz,50/50Mhz,25/25Mhz,
1,ShutDown - LDPCClk,66,66,66,66,66,66,66,66,66,66,66,66,dec,02Ah,0,16,drop,14,800/800Mhz,780/780Mhz,600/600Mhz,533/533Mhz,500/500Mhz,400/400Mhz,325/325Mhz,266/266Mhz,200/200Mhz,166/166Mhz,133/133Mhz,100/100Mhz,83/83Mhz,66/66Mhz,
1,ShutDown - FlashClk,66,66,66,66,66,66,66,66,66,66,66,66,dec,02Ch,0,16,drop,14,800/800Mhz,780/780Mhz,600/600Mhz,533/533Mhz,500/500Mhz,400/400Mhz,325/325Mhz,266/266Mhz,200/200Mhz,166/166Mhz,133/133Mhz,100/100Mhz,83/83Mhz,66/66Mhz,
1,ShutDown - Command Throttle Active Time (ms),10,10,10,10,10,10,10,10,10,10,10,10,dec,02Eh,0,8,text,0,
1,ShutDown - Command Throttle Idle Time (ms),190,190,190,190,190,190,190,190,190,190,190,190,dec,02Fh,0,8,text,0,
1,Normalization A1 Shitf bits,20,20,20,20,20,20,20,20,20,20,20,20,dec,030h,0,8,text,0,
1,Normalization A1 Theta Jc,12,12,12,12,12,12,12,12,12,12,12,12,dec,031h,0,8,text,0,
1,Normalization A2 Shitf bits,19,19,19,19,19,19,19,19,19,19,19,19,dec,032h,0,8,text,0,
1,Normalization A2 Theta Jc,11,11,11,11,11,11,11,11,11,11,11,11,dec,033h,0,8,text,0,
1,Normalization A3 Shitf bits,18,18,18,18,18,18,18,18,18,18,18,18,dec,034h,0,8,text,0,
1,Normalization A3 Theta Jc,10,10,10,10,10,10,10,10,10,10,10,10,dec,035h,0,8,text,0,
1,Normalization A4 Shitf bits,17,17,17,17,17,17,17,17,17,17,17,17,dec,036h,0,8,text,0,
1,Normalization A4 Theta Jc,6,6,6,6,6,6,6,6,6,6,6,6,dec,037h,0,8,text,0,
1,Normalization A5 Shitf bits,16,16,16,16,16,16,16,16,16,16,16,16,dec,038h,0,8,text,0,
1,Normalization A5 Theta Jc,4,4,4,4,4,4,4,4,4,4,4,4,dec,039h,0,8,text,0,
1,Normalization A6 Shitf bits,0,0,0,0,0,0,0,0,0,0,0,0,dec,03Ah,0,8,text,0,
1,Normalization A6 Theta Jc,2,2,2,2,2,2,2,2,2,2,2,2,dec,03Bh,0,8,text,0,
1,gMT2WriteDelayCnt,1000,1000,1000,1000,1000,1000,1000,1000,1000,1000,1000,1000,dec,042h,0,16,text,0,
1,gMT2ReadDelayCnt,900,900,900,900,900,900,900,900,900,900,900,900,dec,044h,0,16,text,0,
1,Feature F1,0h,0h,0h,0h,0h,0h,0h,0h,0h,0h,0h,0h,hex,046h,0,8,check,2,1h/Enable,0h/Disable,
1,Offset Thermal Value Sign,1h,1h,1h,1h,1h,1h,1h,1h,1h,1h,1h,1h,hex,047h,7,1,drop,2,1h/+,0h/-,
1,Offset Thermal Value(-127~+127),0,0,0,0,0,0,0,0,0,0,0,0,dec,047h,0,7,text,0,
1,Time delay us between die erase (us),260,260,260,260,260,260,260,260,260,260,260,260,dec,048h,0,16,text,0,
1,Staggered erase enable die num TH,32,32,32,32,32,32,32,32,32,32,32,32,dec,04Ah,0,8,text,0,
1,ASIC Trim Code85,373,373,373,373,373,373,373,373,373,373,373,373,dec,04Ch,0,16,text,0,
1,ASIC Trim Code30,220,220,220,220,220,220,220,220,220,220,220,220,dec,04Eh,0,16,text,0,
SMART,8,3F0h,
1,SMART Warning/AER - avaliable spare ,1h,1h,1h,1h,1h,1h,1h,1h,1h,1h,1h,1h,hex,000h,0,1,check,2,1h/Enable,0h/Disable,
1,SMART Warning/AER - temperature,1h,1h,1h,1h,1h,1h,1h,1h,1h,1h,1h,1h,hex,000h,1,1,check,2,1h/Enable,0h/Disable,
1,SMART Warning/AER - reliability,1h,1h,1h,1h,1h,1h,1h,1h,1h,1h,1h,1h,hex,000h,2,1,check,2,1h/Enable,0h/Disable,
1,SMART Warning/AER - read only,1h,1h,1h,1h,1h,1h,1h,1h,1h,1h,1h,1h,hex,000h,3,1,check,2,1h/Enable,0h/Disable,
1,SMART Warning/AER - volatile memory fail,1h,1h,1h,1h,1h,1h,1h,1h,1h,1h,1h,1h,hex,000h,4,1,check,2,1h/Enable,0h/Disable,
1,Wear Leveling Count Threshold,100,100,100,100,100,100,100,100,100,100,100,100,dec,001h,0,8,text,0,
1,Avaliable Spare TH (0~100),10,10,10,10,10,10,10,10,10,10,10,10,dec,002h,0,8,text,0,
1,Number  of  seconds  to  trigger  save  SMART,1800,1800,1800,1800,1800,1800,1800,1800,1800,1800,1800,1800,dec,003h,0,32,text,0,
I2C,16,400h,
1,Enable I2C Device Configuration,0h,0h,0h,0h,0h,0h,0h,0h,0h,0h,0h,0h,hex,000h,0,1,check,2,1h/Enable,0h/Disable,
1,[1] I2C Device address(8 Bit),0h,0h,0h,0h,0h,0h,0h,0h,0h,0h,0h,0h,hex,001h,0,8,text,0,
1,[1] I2C Register address,0h,0h,0h,0h,0h,0h,0h,0h,0h,0h,0h,0h,hex,002h,0,8,text,0,
1,[1] I2C Register data,0h,0h,0h,0h,0h,0h,0h,0h,0h,0h,0h,0h,hex,003h,0,8,text,0,
1,[2] I2C Device address(8 Bit),0h,0h,0h,0h,0h,0h,0h,0h,0h,0h,0h,0h,hex,004h,0,8,text,0,
1,[2] I2C Register address,0h,0h,0h,0h,0h,0h,0h,0h,0h,0h,0h,0h,hex,005h,0,8,text,0,
1,[2] I2C Register data,0h,0h,0h,0h,0h,0h,0h,0h,0h,0h,0h,0h,hex,006h,0,8,text,0,
1,[3] I2C Device address(8 Bit),0h,0h,0h,0h,0h,0h,0h,0h,0h,0h,0h,0h,hex,007h,0,8,text,0,
1,[3] I2C Register address,0h,0h,0h,0h,0h,0h,0h,0h,0h,0h,0h,0h,hex,008h,0,8,text,0,
1,[3] I2C Register data,0h,0h,0h,0h,0h,0h,0h,0h,0h,0h,0h,0h,hex,009h,0,8,text,0,
1,[4] I2C Device address(8 Bit),0h,0h,0h,0h,0h,0h,0h,0h,0h,0h,0h,0h,hex,00Ah,0,8,text,0,
1,[4] I2C Register address,0h,0h,0h,0h,0h,0h,0h,0h,0h,0h,0h,0h,hex,00Bh,0,8,text,0,
1,[4] I2C Register data,0h,0h,0h,0h,0h,0h,0h,0h,0h,0h,0h,0h,hex,00Ch,0,8,text,0,
1,[5] I2C Device address(8 Bit),0h,0h,0h,0h,0h,0h,0h,0h,0h,0h,0h,0h,hex,00Dh,0,8,text,0,
1,[5] I2C Register address,0h,0h,0h,0h,0h,0h,0h,0h,0h,0h,0h,0h,hex,00Eh,0,8,text,0,
1,[5] I2C Register data,0h,0h,0h,0h,0h,0h,0h,0h,0h,0h,0h,0h,hex,00Fh,0,8,text,0,
PLP,2,410h,
1,PLP(SCP) supported,1h,1h,1h,1h,1h,1h,1h,1h,1h,1h,1h,1h,hex,000h,0,1,check,2,1h/Enable,0h/Disable,
1,PLA(P20) supported,0h,0h,0h,0h,0h,0h,0h,0h,0h,0h,0h,0h,hex,000h,1,1,check,2,1h/Enable,0h/Disable,
SMBUS,7,420h,
1,TOCounter(valid if Enable TO),0h,0h,0h,0h,0h,0h,0h,0h,0h,0h,0h,0h,hex,000h,0,8,drop,1,0h/100ms(default),
1,Enable TO,1h,1h,1h,1h,1h,1h,1h,1h,1h,1h,1h,1h,hex,004h,0,1,drop,2,1h/Enable(default),0h/Disable,
1,Enable MultiTrig,0h,0h,0h,0h,0h,0h,0h,0h,0h,0h,0h,0h,hex,004h,1,1,drop,2,0h/Disable(default),1h/Enable,
1,Enable ManuFillMprResp,0h,0h,0h,0h,0h,0h,0h,0h,0h,0h,0h,0h,hex,004h,2,1,drop,2,0h/Enable(default),1h/Disable,
1,Device Slave Addr(Appendix A: 6Ah),6Ah,6Ah,6Ah,6Ah,6Ah,6Ah,6Ah,6Ah,6Ah,6Ah,6Ah,6Ah,hex,005h,0,8,text,0,
1,MCTP TUS (default: 40h),40h,40h,40h,40h,40h,40h,40h,40h,40h,40h,40h,40h,hex,006h,0,8,text,0,
1,Response Frequency,2h,2h,2h,2h,2h,2h,2h,2h,2h,2h,2h,2h,hex,007h,0,8,drop,3,1h/100K,2h/400K(suggest),3h/1M,
GEN,8,430h,
1,Compliance Test Control NVMe,1h,1h,1h,1h,1h,1h,1h,1h,1h,1h,1h,1h,hex,000h,0,1,drop,2,1h/NVMe1.3,0h/NVMe1.2,
1,Compliance Test Control IOL7.0a,0h,0h,0h,0h,0h,0h,0h,0h,0h,0h,0h,0h,hex,000h,1,1,check,2,1h/Enable,0h/Disable,
1,Compliance Test Control PCIe,1h,1h,1h,1h,1h,1h,1h,1h,1h,1h,1h,1h,hex,000h,2,1,drop,2,1h/PCIe3.0,0h/PCIe3.1,
1,Compliance Test Control Ulink Ptc Version,1h,1h,1h,1h,1h,1h,1h,1h,1h,1h,1h,1h,hex,000h,3,1,drop,2,1h/v3.0,0h/v2.0,
1,Enable Dual Read Engine,1h,1h,1h,1h,1h,1h,1h,1h,1h,1h,1h,1h,hex,001h,0,1,check,2,1h/Enable,0h/Disable,
1,Enable Dual Write Engine,1h,1h,1h,1h,1h,1h,1h,1h,1h,1h,1h,1h,hex,001h,1,1,check,2,1h/Enable,0h/Disable,
1,Enable Multiple Prp Fetch,1h,1h,1h,1h,1h,1h,1h,1h,1h,1h,1h,1h,hex,001h,2,1,check,2,1h/Enable,0h/Disable,
1,Enable PreCR,1h,1h,1h,1h,1h,1h,1h,1h,1h,1h,1h,1h,hex,001h,3,1,check,2,1h/Enable,0h/Disable,
VU,2,470h,
1,OEM ID,0h,2h,3h,1h,4h,4h,5h,2h,3h,1h,4h,4h,hex,000h,0,8,drop,5,0h/SMI,1h/OEM-Dell,2h/OEM-HP,3h/OEM-Lenovo,4h/OEM-MU/MA(Micron),
1,Customer_ID,0h,1h,1h,1h,1h,1h,1h,2h,2h,2h,2h,2h,hex,001h,0,8,drop,4,0h/SMI,1h/SKhynix,2h/Micron,3h/Kingston,
CRC,48D8h,5533h,CCDEh,F957h,8636h,C936h,2B81h,EAB7h,D9DCh,1049h,AEF6h,E1F6h,25BDh,
