CUS-0008,L3,,
BINSIZE,1280,,
GROUP,1,Channel,
CCAP,1,SMI,
CID Header,11,000h,
1,ISP Revision Label,ISP Rev:,str,000h,0,64,text,1,(null),
1,FW Revision Field  (8B)-vendor control,FWREV,str,008h,0,64,text,1,(null),
1,Light Switch Revision Label,FE,str,0A0h,0,64,text,1,(null),
1,LS Revision Field (8B)-vendor control,LS-V0609,str,0A8h,0,64,text,1,(null),
1,Vendor Specific Label,VENDOR SPECIFIC:,str,0B0h,0,128,text,1,(null),
1,Vendor Specific Field(64B)-customization area,vendor_specific_vendor_specific_vendor_specific_vendor_specific_,str,0C0h,0,512,text,1,(null),
1,Serial Num Label,SERIAL NUM :,str,100h,0,96,text,1,(null),
1,Serial Num Field (20B)-vendor control,serial_numserial_num,str,10Ch,0,160,text,1,(null),
1,Model Num Label,MODEL  :,str,120h,0,64,text,1,(null),
1,Model Num Field (40B)-vendor control,SMI2269XT,str,128h,0,320,text,1,(null),
1,Micron  Internal  FW Revision (16B),TBD,str,150h,0,128,text,1,(null),
PCIe,11,200h,
1,PCI Vendor ID,126Fh,hex,000h,0,16,text,1,Indicates the company vendor assigned by the PCI SIG. This field is related to ID.VID,
1,Device ID,2269h,hex,002h,0,16,text,1,Indicates the device number assigned by the vendor. This field is related to ID.DID,
1,Max_Payload_Size Supported,1h,hex,012h,0,3,drop,3,0h/128 bytes max payload size,1h/256 bytes max payload size,2h/512 bytes max payload size,
1,Maximum Link Speed,4h,hex,016h,0,4,drop,7,1h/Supported Link Speeds Vector field bit 0(gen1),2h/Supported Link Speeds Vector field bit 1(gen2),3h/Supported Link Speeds Vector field bit 2(gen3),4h/Supported Link Speeds Vector field bit 3(gen4),5h/Supported Link Speeds Vector field bit 4,6h/Supported Link Speeds Vector field bit 5,7h/Supported Link Speeds Vector field bit 6,
1,Maximum Link Width,4h,hex,016h,4,6,drop,3,1h/x1,2h/x2,4h/x4,
1,Active State Power Management Support,2h,hex,016h,10,2,drop,4,0h/No ASPM Support,1h/L0s Supported,2h/L1 Supported,3h/L0s and L1 Supported,
1,Clock Power Management,1h,hex,016h,18,1,drop,2,1h/the component tolerates the removal of any reference clock(s) via the clock request (CLKREQ#) mechanism when the Link is in the L1 and L2/L3 Ready Link states.,0h/the component does not have this capability and that reference clock(s) must not be removed in these Link states.,
1,ASPM PM L1.2 Supported ,1h,hex,022h,2,1,check,2,1h/Enable,0h/Disable,
1,ASPM PM L1.1 Supported ,1h,hex,022h,3,1,check,2,1h/Enable,0h/Disable,
1,Subsystem Vendor ID (SSVID),126Fh,hex,032h,0,16,text,1,Indicates the sub-system vendor identifier,
1,Subsystem ID (SSID),2269h,hex,034h,0,16,text,1,Indicates the sub-system identifier.,
NVMe,24,280h,
1,Optional Admin Command Support (OACS) - Security Send and Security Receive commands,1h,hex,000h,0,1,check,2,1h/Enable,0h/Disable,
1,Optional Admin Command Support (OACS) - Namespace Management/Attachment commands,1h,hex,000h,3,1,check,2,1h/Enable,0h/Disable,
1,Optional Admin Command Support (OACS) - Device Self-Test,1h,hex,000h,4,1,check,2,1h/Enable,0h/Disable,
1,Abort Command Limit (ACL),3h,hex,002h,0,8,text,0,
1,Log Page Attributes (LPA) - Persistent Event log support,1h,hex,005h,4,1,check,2,1h/Enable,0h/Disable,
1,Number of Power States Support (NPSS),4h,hex,007h,0,8,text,0,
1,Autonomous Power State Transition Attributes (APSTA),1h,hex,008h,0,1,check,2,1h/Enable,0h/Disable,
1,Optional NVM Command Support (ONCS) - Compare command,1h,hex,009h,0,1,check,2,1h/Enable,0h/Disable,
1,Optional NVM Command Support (ONCS) - Write Uncorrectable,1h,hex,009h,1,1,check,2,1h/Enable,0h/Disable,
1,Optional NVM Command Support (ONCS) - Save field and the Select field,1h,hex,009h,4,1,check,2,1h/Enable,0h/Disable,
1,Optional NVM Command Support (ONCS) - Timestamp feature,1h,hex,009h,6,1,check,2,1h/Enable,0h/Disable,
1,Optional NVM Command Support (ONCS) - Verify command,1h,hex,009h,7,1,check,2,1h/Enable,0h/Disable,
1,Warning Composite Temperature Threshold (WCTEMP)(in degree K),167h,hex,00Bh,0,16,text,1,In degree Kelvin,
1,Critical Composite Temperature Threshold (CCTEMP)(in degree K),16Eh,hex,00Dh,0,16,text,1,In degree Kelvin,
1,Controller Capabilities - Maximum Queue Entries Supported (MQES),FFh,hex,010h,0,16,text,0,
1,Recommended Arbitration Burst (RAB),3h,hex,019h,0,8,text,0,
1,VID,126Fh,hex,01Ah,0,16,text,0,
1,SSVID,126Fh,hex,01Ch,0,16,text,0,
1,Minimum Thermal Management Temperature (MNTMT),111h,hex,032h,0,16,text,0,
1,Maximum Thermal Management Temperature (MXTMT),166h,hex,034h,0,16,text,0,
1,Sanitize operation (SANICAP) - Block Erase,1h,hex,036h,1,1,check,2,1h/Enable,0h/Disable,
1,CTRATT,12h,hex,03Ah,0,32,text,0,
1,Enable HMB,1h,hex,054h,0,1,check,2,1h/Enable,0h/Disable,
1,Enable IRST Cmd Passthrough,0h,hex,054h,2,1,check,2,1h/Enable,0h/Disable,
PowerState,29,320h,
1,PS0 Entry Latency (ENLAT),0,dec,000h,0,32,text,0,
1,PS0 Exit Latency (EXLAT),0,dec,004h,0,32,text,0,
1,PS1 Entry Latency (ENLAT),0,dec,008h,0,32,text,0,
1,PS1 Exit Latency (EXLAT),0,dec,00Ch,0,32,text,0,
1,PS2 Entry Latency (ENLAT),0,dec,010h,0,32,text,0,
1,PS2 Exit Latency (EXLAT),0,dec,014h,0,32,text,0,
1,PS3 Entry Latency (ENLAT),5000,dec,018h,0,32,text,0,
1,PS3 Exit Latency (EXLAT),5000,dec,01Ch,0,32,text,0,
1,PS4 Entry Latency (ENLAT),5000,dec,020h,0,32,text,0,
1,PS4 Exit Latency (EXLAT),25000,dec,024h,0,32,text,0,
1,PS0 Maximum Power (MP),45000,dec,028h,0,16,text,0,
1,PS0 Max Power Scale (MXPS),1h,hex,02Ah,0,1,drop,2,1h/0.0001Watts,0h/0.01Watts,
1,PS1 Maximum Power (MP),24000,dec,02Ch,0,16,text,0,
1,PS1 Max Power Scale (MXPS),1h,hex,02Eh,0,1,drop,2,1h/0.0001Watts,0h/0.01Watts,
1,PS2 Maximum Power (MP),6000,dec,030h,0,16,text,0,
1,PS2 Max Power Scale (MXPS),1h,hex,032h,0,1,drop,2,1h/0.0001Watts,0h/0.01Watts,
1,PS3 Maximum Power (MP),250,dec,034h,0,16,text,0,
1,PS3 Max Power Scale (MXPS),1h,hex,036h,0,1,drop,2,1h/0.0001Watts,0h/0.01Watts,
1,PS4 Maximum Power (MP),40,dec,038h,0,16,text,0,
1,PS4 Max Power Scale (MXPS),1h,hex,03Ah,0,1,drop,2,1h/0.0001Watts,0h/0.01Watts,
1,PS0 Idle Power (IDLP),30,dec,03Ch,0,16,text,0,
1,PS0 Idle Power Scale (IPS),2,dec,03Eh,6,2,text,0,
1,PS0 Active Power (ACTP),35000,dec,040h,0,16,text,0,
1,PS0 Active Power Workload (APW),2,dec,042h,0,3,text,0,
1,PS0 Active Power Scale (APS),1,dec,042h,6,2,text,0,
1,Don't Set External Power Down Pin at PS4,0h,hex,043h,0,1,check,2,1h/Enable,0h/Disable,
1,Enable Flash Power Down Pin at PS4,1h,hex,043h,1,1,check,2,1h/Enable,0h/Disable,
1,PS4 ExtPwd Pin Power Down Time (0.01 ms),150,dec,044h,0,8,text,0,
1,PS4 P03 P04 Power Down Time (0.01 ms),500,dec,046h,0,16,text,0,
Thermal,65,380h,
1,Thermal throttle,1h,hex,000h,0,1,check,2,1h/Enable,0h/Disable,
1,Shutdown hang (auto disable when ShutDown - SysClk < 25MHz),1h,hex,000h,2,1,check,2,1h/Enable,0h/Disable,
1,Select Normalization Calculation(AlwaysOn),0h,hex,000h,4,1,check,2,1h/Enable,0h/Disable,
1,Normalize Sensor Select,3h,hex,001h,0,2,drop,4,0h/ASIC Sensor 0,1h/ASIC Sensor 1,2h/External Sensor,3h/NAND Sensor,
1,Light Throttle temperature in degree C (MT1),81,dec,003h,0,8,text,0,
1,Delta to MT1 fall,2,dec,004h,0,8,text,0,
1,Heavy Throttle temperature in degree C (MT2),85,dec,005h,0,8,text,0,
1,Delta to MT2 fall,2,dec,006h,0,8,text,0,
1,TrickleIO temperature in degree C (MT3),90,dec,007h,0,8,text,0,
1,Delta to MT3 fall,2,dec,008h,0,8,text,0,
1,PS0 - SysClk,650,dec,010h,0,16,drop,14,650/650Mhz,625/625Mhz,600/600Mhz,575/575Mhz,550/550Mhz,533/533Mhz,500/500Mhz,400/400Mhz,325/325Mhz,250/250Mhz,100/100Mhz,75/75Mhz,50/50Mhz,25/25Mhz,
1,PS0 - LDPCClk,800,dec,012h,0,16,drop,15,800/800Mhz,780/780Mhz,600/600Mhz,533/533Mhz,500/500Mhz,400/400Mhz,325/325Mhz,266/266Mhz,250/250Mhz,200/200Mhz,166/166Mhz,133/133Mhz,100/100Mhz,83/83Mhz,66/66Mhz,
1,PS0 - FlashClk,800,dec,014h,0,16,drop,15,800/800Mhz,780/780Mhz,600/600Mhz,533/533Mhz,500/500Mhz,400/400Mhz,325/325Mhz,266/266Mhz,250/250Mhz,200/200Mhz,166/166Mhz,133/133Mhz,100/100Mhz,83/83Mhz,66/66Mhz,
1,PS0 - Command Throttle Active Time (ms),0,dec,016h,0,8,text,0,
1,PS0 - Command Throttle Idle Time (ms),0,dec,017h,0,8,text,0,
1,PS1 - Command Throttle Active Time (ms),100,dec,01Eh,0,8,text,0,
1,PS1 - Command Throttle Idle Time (ms),100,dec,01Fh,0,8,text,0,
1,PS2 - Command Throttle Active Time (ms),10,dec,026h,0,8,text,0,
1,PS2 - Command Throttle Idle Time (ms),190,dec,027h,0,8,text,0,
1,TrickleIO - Command Throttle Active Time (ms),5,dec,02Eh,0,8,text,0,
1,TrickleIO - Command Throttle Idle Time (ms),195,dec,02Fh,0,8,text,0,
1,256 Normalization A1 Shitf bits,16,dec,030h,0,8,text,0,
1,256 Normalization A1 Theta Jc,8,dec,031h,0,8,text,0,
1,256 Normalization A2 Shitf bits,15,dec,032h,0,8,text,0,
1,256 Normalization A2 Theta Jc,5,dec,033h,0,8,text,0,
1,256 Normalization A3 Shitf bits,14,dec,034h,0,8,text,0,
1,256 Normalization A3 Theta Jc,3,dec,035h,0,8,text,0,
1,256 Normalization A4 Shitf bits,13,dec,036h,0,8,text,0,
1,256 Normalization A4 Theta Jc,2,dec,037h,0,8,text,0,
1,256 Normalization A5 Shitf bits,12,dec,038h,0,8,text,0,
1,256 Normalization A5 Theta Jc,0,dec,039h,0,8,text,0,
1,256 Normalization A6 Shitf bits,0,dec,03Ah,0,8,text,0,
1,256 Normalization A6 Theta Jc,0,dec,03Bh,0,8,text,0,
1,512 Normalization A1 Shitf bits,16,dec,03Ch,0,8,text,0,
1,512 Normalization A1 Theta Jc,13,dec,03Dh,0,8,text,0,
1,512 Normalization A2 Shitf bits,15,dec,03Eh,0,8,text,0,
1,512 Normalization A2 Theta Jc,11,dec,03Fh,0,8,text,0,
1,512 Normalization A3 Shitf bits,14,dec,040h,0,8,text,0,
1,512 Normalization A3 Theta Jc,8,dec,041h,0,8,text,0,
1,512 Normalization A4 Shitf bits,13,dec,042h,0,8,text,0,
1,512 Normalization A4 Theta Jc,2,dec,043h,0,8,text,0,
1,512 Normalization A5 Shitf bits,12,dec,044h,0,8,text,0,
1,512 Normalization A5 Theta Jc,0,dec,045h,0,8,text,0,
1,512 Normalization A6 Shitf bits,0,dec,046h,0,8,text,0,
1,512 Normalization A6 Theta Jc,0,dec,047h,0,8,text,0,
1,>1024 Normalization A1 Shitf bits,16,dec,048h,0,8,text,0,
1,>1024 Normalization A1 Theta Jc,7,dec,049h,0,8,text,0,
1,>1024 Normalization A2 Shitf bits,15,dec,04Ah,0,8,text,0,
1,>1024 Normalization A2 Theta Jc,6,dec,04Bh,0,8,text,0,
1,>1024 Normalization A3 Shitf bits,14,dec,04Ch,0,8,text,0,
1,>1024 Normalization A3 Theta Jc,5,dec,04Dh,0,8,text,0,
1,>1024 Normalization A4 Shitf bits,13,dec,04Eh,0,8,text,0,
1,>1024 Normalization A4 Theta Jc,2,dec,04Fh,0,8,text,0,
1,>1024 Normalization A5 Shitf bits,12,dec,050h,0,8,text,0,
1,>1024 Normalization A5 Theta Jc,0,dec,051h,0,8,text,0,
1,>1024 Normalization A6 Shitf bits,0,dec,052h,0,8,text,0,
1,>1024 Normalization A6 Theta Jc,0,dec,053h,0,8,text,0,
1,Smart Report Temperature Mode(RTOffset),0h,hex,054h,3,1,check,2,1h/Enable,0h/Disable,
1,gMT2WriteDelayCnt,1000,dec,05Ah,0,16,text,0,
1,gMT2ReadDelayCnt,900,dec,05Ch,0,16,text,0,
1,Feature F1,0h,hex,05Eh,0,8,check,2,1h/Enable,0h/Disable,
1,Offset Thermal Value Sign,1h,hex,05Fh,7,1,drop,2,1h/+,0h/-,
1,Offset Thermal Value(-127~+127),0,dec,05Fh,0,7,text,0,
1,Time delay us between die erase (us),260,dec,060h,0,16,text,0,
1,Shutdown Hang temperature in degree C (MTShutdown),95,dec,068h,0,8,text,0,
SMART,8,3F0h,
1,SMART Warning/AER - avaliable spare ,1h,hex,000h,0,1,check,2,1h/Enable,0h/Disable,
1,SMART Warning/AER - temperature,1h,hex,000h,1,1,check,2,1h/Enable,0h/Disable,
1,SMART Warning/AER - reliability,1h,hex,000h,2,1,check,2,1h/Enable,0h/Disable,
1,SMART Warning/AER - read only,1h,hex,000h,3,1,check,2,1h/Enable,0h/Disable,
1,SMART Warning/AER - volatile memory fail,1h,hex,000h,4,1,check,2,1h/Enable,0h/Disable,
1,Wear Leveling Count Threshold,100,dec,001h,0,8,text,0,
1,Avaliable Spare TH (0~100),10,dec,002h,0,8,text,0,
1,Number  of  seconds  to  trigger  save  SMART,1800,dec,003h,0,32,text,0,
GEN,7,430h,
1,Compliance Test Control NVMe,1h,hex,000h,0,1,drop,2,1h/NVMe1.3,0h/NVMe1.2,
1,Compliance Test Control PCIe,1h,hex,000h,2,1,drop,2,1h/PCIe3.0,0h/PCIe3.1,
1,Compliance Test Control Ulink Ptc Version,1h,hex,000h,3,1,drop,2,1h/v3.0,0h/v2.0,
1,TBW for 256G,200,dec,002h,0,16,text,0,
1,TBW for 512G,300,dec,004h,0,16,text,0,
1,TBW for 1T,400,dec,006h,0,16,text,0,
1,TBW for 2T,600,dec,008h,0,16,text,0,
VU,3,470h,
1,OEM ID,0h,hex,000h,0,8,drop,6,0h/SMI,1h/OEM-Dell,2h/OEM-HP,3h/OEM-Lenovo,4h/OEM-MU/MA(Micron),5h/OEM-MS(MicroSoft),
1,Customer_ID,0h,hex,001h,0,8,drop,5,0h/SMI,1h/SKhynix,2h/Micron,3h/Kingston,4h/Adata,
1,Adata Das LED Policy,0h,hex,003h,0,1,check,2,1h/Enable,0h/Disable,
CRC,8E90h,3983h,
