SMI-0000,L2,,
BINSIZE,2816,1280,
CCAP,1,SMI,
CID Header,2,000h,
1,Light Switch Revision Label,Micron,str,000h,0,64,text,1,(null),
1,LS Revision Field (8B)-vendor control,LS-V0616,str,008h,0,64,text,1,(null),
VDT,2,030h,
1,VDT27(Fsh2) Level,9h,hex,001h,0,8,drop,16,0h/VRR=1.50/VFR=1.40 ,1h/VRR=1.60/VFR=1.50 ,2h/VRR=1.70/VFR=1.60 ,3h/VRR=1.80/VFR=1.70 ,4h/VRR=1.90/VFR=1.80 ,5h/VRR=2.00/VFR=1.90 ,6h/VRR=2.10/VFR=2.00 ,7h/VRR=2.20/VFR=2.10 ,8h/VRR=2.30/VFR=2.20 ,9h/VRR=2.40/VFR=2.30 ,Ah/VRR=2.50/VFR=2.40 ,Bh/VRR=2.60/VFR=2.50 ,Ch/VRR=2.70/VFR=2.60 ,Dh/VRR=2.80/VFR=2.70 ,Eh/VRR=2.90/VFR=2.80 ,Fh/VRR=3.00/VFR=2.90 ,
1,VDT23(Fsh1) Level,8h,hex,002h,0,8,drop,16,0h/VRR=1.50/VFR=1.40 ,1h/VRR=1.60/VFR=1.50 ,2h/VRR=1.70/VFR=1.60 ,3h/VRR=1.80/VFR=1.70 ,4h/VRR=1.90/VFR=1.80 ,5h/VRR=2.00/VFR=1.90 ,6h/VRR=2.10/VFR=2.00 ,7h/VRR=2.20/VFR=2.10 ,8h/VRR=2.30/VFR=2.20 ,9h/VRR=2.40/VFR=2.30 ,Ah/VRR=2.50/VFR=2.40 ,Bh/VRR=2.60/VFR=2.50 ,Ch/VRR=2.70/VFR=2.60 ,Dh/VRR=2.80/VFR=2.70 ,Eh/VRR=2.90/VFR=2.80 ,Fh/VRR=3.00/VFR=2.90 ,
SEC,16,040h,
1,TCG,0h,hex,000h,0,1,check,2,1h/Enable,0h/Disable,
1,IEEE1667,0h,hex,000h,1,1,check,2,1h/Enable,0h/Disable,
1,Pyrite,1h,hex,000h,2,1,check,2,1h/Enable,0h/Disable,
1,OpalLite,0h,hex,000h,3,1,check,2,1h/Enable,0h/Disable,
1,AtaPassThrough,1h,hex,000h,4,1,check,2,1h/Enable,0h/Disable,
1,BlockSid,1h,hex,000h,7,1,check,2,1h/Enable,0h/Disable,
1,RPMB,0h,hex,000h,8,1,check,2,1h/Enable,0h/Disable,
1,Pyrite1,0h,hex,000h,9,1,check,2,1h/Enable,0h/Disable,
1,DisableMBR,1h,hex,000h,10,1,check,2,1h/Enable,0h/Disable,
1,AES ,0h,hex,004h,0,1,check,2,1h/Enable,0h/Disable,
1,Force Check Css Header,0h,hex,004h,1,1,check,2,1h/Enable,0h/Disable,
1,HP Authentication,0h,hex,004h,2,1,check,2,1h/Enable,0h/Disable,
1,ForceVuCmdAuth,0h,hex,004h,3,1,check,2,1h/Enable,0h/Disable,
1,RPMB Target Number,4,dec,006h,0,8,text,0,
1,RPMB Target Size,4,dec,007h,0,8,text,0,
1,SecurityVersion,0h,hex,008h,0,32,text,0,
FEAT,2,0C0h,
1,Retire PE (0 means GRTPE),0,dec,012h,0,16,text,1,Retire PE,
1,Dynamic SLC Capacity,50,dec,014h,0,8,text,1,Unit: Percent of total capacity,
RDT,48,100h,
1,RDT_Test_Delay_Time,360,dec,066h,0,16,text,0,
1,TLC_Full_Die_Dummy_Cycles,3,dec,049h,0,8,text,0,
1,TLC_Full_Die_Cycles,3,dec,020h,0,8,text,0,
1,TLC_Full_Die_ECC_Bit_Threshold_4Kbase ,160,dec,006h,0,8,text,0,
1,TLC_Full_Die_Read_Verify_Interval_Disable,0,dec,03Ah,0,8,text,0,
1,TLC_Full_Die_Read_Verify_Interval ,1,dec,011h,0,8,text,0,
1,TLC_Full_Die_ECC_Log_Interval ,1,dec,039h,0,8,text,0,
1,SLC_Full_Die_Dummy_Cycles ,0,dec,048h,0,8,text,0,
1,SLC_Full_Die_Cycles ,3,dec,000h,0,8,text,0,
1,SLC_Full_Die_ECC_Bit_Threshold_4Kbase ,10,dec,005h,0,8,text,0,
1,SLC_Full_Die_Read_Verify_Interval_Disable,0,dec,058h,0,8,text,0,
1,SLC_Full_Die_Read_Verify_Interval,1,dec,055h,0,8,text,0,
1,SLC_Full_Die_ECC_Log_Interval ,1,dec,054h,0,8,text,0,
1,TLC_Sampling_Dummy_Cycle ,0,dec,04Bh,0,8,text,0,
1,TLC_Sampling_Cycle ,0,dec,01Eh,0,16,text,0,
1,TLC_Start_Select_Block ,1,dec,022h,0,16,text,0,
1,TLC_Sampling_Block_Quantity ,1,dec,024h,0,16,text,0,
1,TLC_Sampling_ECC_Bit_Threshold_4Kbase ,120,dec,05Ch,0,8,text,0,
1,TLC_Sampling_Read_Verify_Interval_Disable,0,dec,03Bh,0,8,text,0,
1,TLC_Sampling_Read_Verify_Interval ,1,dec,01Ah,0,16,text,0,
1,TLC_ECC_Log_Interval ,1,dec,050h,0,8,text,0,
1,SLC_Sampling_Dummy_Cycle ,0,dec,04Ah,0,8,text,0,
1,SLC_Sampling_Cycle ,0,dec,01Ch,0,16,text,0,
1,SLC_Start_Select_Block ,1,dec,02Ah,0,16,text,0,
1,SLC_Sampling_Block_Quantity ,1,dec,02Ch,0,16,text,0,
1,SLC_Sampling_ECC_Bit_Threshold_4Kbase ,10,dec,060h,0,8,text,0,
1,SLC_Sampling_Read_Verify_Interval_Disable,0,dec,057h,0,8,text,0,
1,SLC_Sampling_Read_Verify_Interval ,1,dec,018h,0,16,text,0,
1,SLC_ECC_Log_Interval ,1,dec,056h,0,8,text,0,
1,Retry_Enable,0h,hex,021h,0,1,check,2,1h/Enable,0h/Disable,
1,Bad_Sample_Block_Per_CE ,10,dec,062h,0,16,text,0,
1,Preload_Data ,0h,hex,02Fh,0,1,check,2,1h/Enable,0h/Disable,
1,Mark_Bad ,1h,hex,02Eh,0,1,check,2,1h/Enable,0h/Disable,
1,Level_1_Throttling ,80,dec,041h,0,8,text,0,
1,Level_2_Throttling ,85,dec,042h,0,8,text,0,
1,Max_TLC_RDT_Bad ,512,dec,034h,0,16,text,0,
1,Max_TLC_Total_Bad ,40,dec,065h,0,8,text,0,
1,TLC_Dwell_Time ,2,dec,028h,0,16,text,0,
1,Max_SLC_RDT_Bad ,512,dec,036h,0,16,text,0,
1,Max_SLC_Total_Bad ,40,dec,064h,0,8,text,0,
1,SLC_Dwell_Time ,2,dec,026h,0,16,text,0,
1,Flash_IO_Test_Count ,1,dec,03Ch,0,16,text,0,
1,Flash_IO_Test_Max_Raw_Bit_Error ,0,dec,061h,0,8,text,0,
1,RDT_IO_Pattern[0],55h,hex,030h,0,8,text,0,
1,RDT_IO_Pattern[1],AAh,hex,031h,0,8,text,0,
1,RDT_IO_Pattern[2],5Ah,hex,032h,0,8,text,0,
1,RDT_IO_Pattern[3],A5h,hex,033h,0,8,text,0,
1,RDT_Time_Temperature_Interval ,20,dec,051h,0,8,text,0,
CRC,A9A9h,6FD5h,
