SMI-0000,,,
Legacy,1,180h,
1,OutputUART(Enable UART will ignore UART Rx Trigger item),1h,hex,002h,0,1,check,2,1h/Enable output debug message to UART(Rx Trigger will be enabled),0h/Disable output debug message to UART,
PCIe,11,200h,
1,PCI Vendor ID,126Fh,hex,000h,0,16,text,1,Indicates the company vendor assigned by the PCI SIG. This field is related to ID.VID,
1,Device ID,2263h,hex,002h,0,16,text,1,Indicates the device number assigned by the vendor. This field is related to ID.DID,
1,Max_Payload_Size Supported,0h,hex,012h,0,3,drop,3,0h/128 bytes max payload size,1h/256 bytes max payload size,2h/512 bytes max payload size,
1,Maximum Link Speed,3h,hex,014h,0,4,drop,7,1h/Supported Link Speeds Vector field bit 0(gen1),2h/Supported Link Speeds Vector field bit 1(gen2),3h/Supported Link Speeds Vector field bit 2(gen3),4h/Supported Link Speeds Vector field bit 3,5h/Supported Link Speeds Vector field bit 4,6h/Supported Link Speeds Vector field bit 5,7h/Supported Link Speeds Vector field bit 6,
1,Maximum Link Width,4h,hex,014h,4,6,drop,3,1h/x1,2h/x2,4h/x4,
1,Active State Power Management Support,2h,hex,014h,10,2,drop,4,0h/No ASPM Support,1h/L0s Supported,2h/L1 Supported,3h/L0s and L1 Supported,
1,Clock Power Management,1h,hex,014h,18,1,drop,2,1h/the component tolerates the removal of any reference clock(s) via the clock request (CLKREQ#) mechanism when the Link is in the L1 and L2/L3 Ready Link states.,0h/the component does not have this capability and that reference clock(s) must not be removed in these Link states.,
1,ASPM PM L1.2 Supported ,1h,hex,020h,2,1,check,2,1h/Enable,0h/Disable,
1,ASPM PM L1.1 Supported ,1h,hex,020h,3,1,check,2,1h/Enable,0h/Disable,
1,Subsystem Vendor ID (SSVID),126Fh,hex,030h,0,16,text,1,Indicates the sub-system vendor identifier,
1,Subsystem ID (SSID),2263h,hex,032h,0,16,text,1,Indicates the sub-system identifier.,
NVMe,14,240h,
1,Optional Admin Command Support (OACS) - Namespace Management/Attachment commands,0h,hex,000h,3,1,check,2,1h/Enable,0h/Disable,
1,Optional Admin Command Support (OACS) - Device Self-Test,0h,hex,000h,4,1,check,2,1h/Enable,0h/Disable,
1,Number of Power States Support (NPSS),0h,hex,007h,0,8,text,0,
1,Autonomous Power State Transition Attributes (APSTA),0h,hex,008h,0,1,check,2,1h/Enable,0h/Disable,
1,Warning Composite Temperature Threshold (WCTEMP)(in degree K),164h,hex,00Ah,0,16,text,1,In degree Kelvin,
1,Critical Composite Temperature Threshold (CCTEMP)(in degree K),166h,hex,00Ch,0,16,text,1,In degree Kelvin,
1,Under Composite Temperature Threshold (in degree K),111h,hex,00Eh,0,16,text,1,In degree Kelvin,
1,VID,126Fh,hex,02Ah,0,16,text,0,
1,SSVID,126Fh,hex,02Ch,0,16,text,0,
1,Minimum Thermal Management Temperature,111h,hex,044h,0,16,text,0,
1,Maximum Thermal Management Temperature,166h,hex,046h,0,16,text,0,
1,HMB,0h,hex,077h,0,1,check,2,1h/Disable,0h/Enable,
1,Enable Namespace,0h,hex,077h,1,1,check,2,1h/Enable,0h/Disable,
1,Enable IRST Cmd Passthrough,1h,hex,077h,2,1,check,2,1h/Enable,0h/Disable,
PHY A1,1,2C0h,
1,Enable Lane 0 L1sub RX SQ up,1h,hex,03Eh,0,1,check,2,1h/Enable,0h/Disable,
SEC,7,300h,
1,TCG,0h,hex,000h,0,1,check,2,1h/Enable,0h/Disable,
1,Pyrite,0h,hex,000h,2,1,check,2,1h/Enable,0h/Disable,
1,AtaPassThrough,1h,hex,000h,4,1,check,2,1h/Enable,0h/Disable,
1,BlockSID,0h,hex,000h,7,1,check,2,1h/Enable,0h/Disable,
1,AES ,0h,hex,004h,0,1,check,2,1h/Enable,0h/Disable,
1,HP Authentication,0h,hex,005h,0,1,check,2,1h/Enable,0h/Disable,
1,SMI Vendor Cmd Authentication,0h,hex,00Ch,1,1,check,2,1h/Enable,0h/Disable,
GEN,22,380h,
1,Thermal throttle,1h,hex,010h,0,1,check,2,1h/Enable,0h/Disable,
1,Shutdown hang (auto disable when ShutDown - SysClk < 25MHz),0h,hex,010h,2,1,check,2,1h/Enable,0h/Disable,
1,Smart Show Positive Temperature,0h,hex,010h,4,1,check,2,1h/Enable,0h/Disable,
1,Check External Sensor,0h,hex,011h,2,1,check,2,1h/Enable,0h/Disable,
1,Light Throttle temperature in degree C (MT1),81,dec,013h,0,8,text,0,
1,Delta to MT1 fall,4,dec,014h,0,8,text,0,
1,Heavy Throttle temperature in degree C (MT2),85,dec,015h,0,8,text,0,
1,Delta to MT2 fall,4,dec,016h,0,8,text,0,
1,Showdown temperature in degree C (MT3),90,dec,017h,0,8,text,0,
1,Delta to MT3 fall,4,dec,018h,0,8,text,0,
1,PS0 - SysClk,575,dec,020h,0,16,drop,7,575/575Mhz,400/400Mhz,325/325Mhz,250/250/Mhz,100/100Mhz,50/50Mhz,25/25Mhz,
1,PS0 - LDPCClk,333,dec,022h,0,16,drop,12,400/400Mhz,333/333Mhz,325/325Mhz,266/266Mhz,200/200Mhz,166/166Mhz,133/133Mhz,100/100Mhz,83/83Mhz,66/66Mhz,40/40Mhz,33/33Mhz,
1,PS0 - FlashClk,333,dec,024h,0,16,drop,12,400/400Mhz,333/333Mhz,325/325Mhz,266/266Mhz,200/200Mhz,166/166Mhz,133/133Mhz,100/100Mhz,83/83Mhz,66/66Mhz,40/40Mhz,33/33Mhz,
1,Normalization A1 Theta Jc,12,dec,041h,0,8,text,0,
1,Normalization A2 Theta Jc,11,dec,043h,0,8,text,0,
1,Normalization A3 Theta Jc,10,dec,045h,0,8,text,0,
1,Normalization A4 Theta Jc,6,dec,047h,0,8,text,0,
1,Normalization A5 Theta Jc,4,dec,049h,0,8,text,0,
1,Normalization A6 Theta Jc,2,dec,04Bh,0,8,text,0,
1,Smart Report Temperature Mode,1,dec,04Ch,0,8,drop,4,0/Default,1/Fix,2/Clamp,3/Offset,
1,Smart Report Temperature Value in degree C,45,dec,04Dh,0,8,text,0,
1,Smart Report Temperature Offset Value in degree C,0,dec,04Eh,0,8,text,0,
VDT,2,500h,
1,VDT27(Fsh2) Level,9h,hex,001h,0,8,drop,2,9h/Flash Vcc 2.5V ,Dh/Flash Vcc 3.3V ,
1,VDT23(Fsh1) Level,7h,hex,002h,0,8,drop,2,7h/Flash Vcc 2.5V ,Bh/Flash Vcc 3.3V ,
OEM3,8,510h,
1,Ftl Cache Read ,1h,hex,08Eh,2,1,check,2,1h/Enbale,0h/Disable,
1,Ftl Cache Program,1h,hex,08Eh,3,1,check,2,1h/Enbale,0h/Disable,
1,Seq Read Threshold,0h,hex,08Fh,0,8,drop,2,0h/64KB,1h/32KB,
1,Ulink Ptc Version,2h,hex,09Ch,0,8,drop,3,2h/v3.0,1h/v2.0,0h/undef,
1,NSSRO policy,0h,hex,09Dh,0,1,check,2,1h/Clr NSSRO only by NSSR activate FW,0h/Clr NSSRO by other reset,
1,Ftl Check Fake Program fail,0h,hex,09Eh,0,1,check,2,1h/Enbale,0h/Disable,
1,Modern Standby,0h,hex,09Fh,0,1,check,2,1h/Enable,0h/Disable,
1,Ce Delay,0,dec,0A0h,0,8,text,0,
Special Option,2,700h,
1,gENE6K5xxx Slave Address,FFh,hex,000h,0,8,text,0,
1,PhyTurnOffRefClkTerm,00h,hex,001h,0,8,text,0,
CRC,5C15h,96C8h,
