Error ID,ParaNum,Module,Description,Parameter 1,Parameter 2,Parameter 3,Parameter 4,Parameter 5,Parameter 6
0x0011,0,System,,,,,,,
,,,,,,,,,
0x0012,4,SATA,Sata command error,Error entry index,SATA SCR1 register,ECC fail flag,SATA FIS register,,
,,,,,,,,,
0x0013,2,FTL,Check loader page info label error,Error entry index,Channel,,,,
0x0023,2,FTL,Check early bad block info label error,Error entry index,Channel,,,,
0x0033,2,FTL,Early bad block info is not complete,Error entry index,Channel bit map,,,,
0x0043,2,FTL,Check later bad block info label error,Error entry index,Channel,,,,
0x0053,2,FTL,Later bad block info is not complete,Error entry index,Channel bit map,,,,
0x0063,2,FTL,Insert normal remap fail,Error entry index,Defect PBN,,,,
0x0073,2,FTL,Check normal remap table label error,Error entry index,Channel,,,,
0x0083,2,FTL,Normal remap table is not complete,Error entry index,Channel bit map,,,,
0x0093,2,FTL,Insert virtual remap fail,Error entry index,Defect PBN,,,,
0x00a3,2,FTL,Check virtual remap table label error,Error entry index,Channel,,,,
0x00b3,2,FTL,Virtual remap table is not complete,Error entry index,Channel bit map,,,,
0x00c3,5,FTL,Later bad block error info,Error entry index,Error Block,Error CECH,Error Plane,Error Type,
0x00d3,6,FTL,Add to remap fail,Error entry index,Refresh remap index,FAA,Error type,Block type,Erase count
0x00e3,3,FTL,Erase fail,Error entry index,FAA,Status,,,
0x00f3,3,FTL,Program fail,Error entry index,FAA,Status,,,
0x0103,6,FTL,Read fail,Error entry index,FAA,Callback ID,raid decode result type,Erase count,Read disturb config
0x0113,3,FTL,Add UNC host read,Error entry index,LBA,Sector number,,,
0x0123,3,FTL,Out of UNC slot,Error entry index,Start LBA,End LBA,,,
0x0133,4,FTL,SLC Program Fail,Error entry index,Call back id,Fail faa,cmd_st0,,
0x0143,4,FTL,Mgr-LaaOver,Error entry index,desc address,laa,faa,,
0x0153,4,FTL,VBM-LaaOver,Error entry index,desc address,laa,faa,,
0x0163,4,FTL,CP0-LaaOver,Error entry index,desc address,laa,faa,,
0x0173,2,FTL,Part good table info label error,Error entry index,Channel,,,,
0x0183,1,FTL,Build Table Write Protect,Error entry index,,,,,
0x0193,3,FTL,Add UNC Merge Read ,Error entry index,LBA,SECTOR Num,,,
0x01a3,6,FTL,remap relation before update in LBB,Error entry index,error block,old good block,plane,error bank,error ch
0x01b3,3,FTL,update remap relation in LBB,Error entry index,error block,good block,,,
,,,,,,,,,
0x0014,0,FCL,,,,,,,
,,,,,,,,,
0x0015,0,Unit test,,,,,,,
,,,,,,,,,
,,,,,,,,,
,,,,,,,,,
