SPI Serial Flash,,,,,,,,,,,,,,,,
,,Read Identification,,,,Read Manufacturer ID and Device ID,,,Status Register Format,,,,,,,
Vendor,Name,1st byte,2nd byte,3th byte,4th byte,1st byte,2nd byte,3th byte,Bit7,Bit6,Bit5,Bit4,Bit3,Bit2,Bit1,Bit0
EON,EN25F05,1Ch,31h,10h,,1Ch,05h,,SRP,0,0,BP2,BP1,BP0,WEL,WIP
,EN25F10,1Ch,31h,11h,,1Ch,10h,,SRP,0,0,BP2,BP1,BP0,WEL,WIP
,EN25F20,1Ch,31h,12h,,1Ch,11h,,SRP,0,0,BP2,BP1,BP0,WEL,WIP
,EN25F40,1Ch,31h,13h,,1Ch,12h,,SRP,0,0,BP2,BP1,BP0,WEL,WIP
,EN25P05,1Ch,20h,10h,,1Ch,05h,,SRP,0,0,0,BP1,BP0,WEL,BUSY
,EN25P10,1Ch,20h,11h,,1Ch,10h,,SRP,0,0,0,BP1,BP0,WEL,BUSY
,EN25P20,1Ch,20h,12h,,1Ch,11h,,SRP,0,0,0,BP1,BP0,WEL,BUSY
,p20-100gcp,1Ch,20h,12h,,1Ch,10h,,,,,,,,,
,p40-50gcp,1Ch,20h,13h,,1Ch,12h,,,,,,,,,
,,,,,,,,,,,,,,,,
ST,M25P05,ffh,ffh,ffh,ffh,ffh,ffh,ffh,SRWD,0,0,0,BP1,BP0,WEL,WIP
,25P05VP,20h,20h,10h,,05h,05h,,,,,,,,,
,M25P10vp,ffh,ffh,ffh,ffh,10h,10h,,SRWD,0,0,0,BP1,BP0,WEL,WIP
,M25P10,ffh,ffh,ffh,ffh,ffh,ffh,ffh,SRWD,0,0,0,BP1,BP0,WEL,WIP
,25P40VP,ffh,ffh,ffh,ffh,12h,12h,,,,,,,,,
,M25P20,ffh,ffh,ffh,ffh,ffh,ffh,ffh,SRWD,0,0,0,BP1,BP0,WEL,WIP
,25p32v6g,20h,20h,16h,,15h,15h,,,,,,,,,
,M25P16,20h,20h,15h,,14h,14h,,,,,,,,,
,25p20v6,ffh,ffh,ffh,ffh,11h,11h,,,,,,,,,
,25p28v6,20h,20h,18h,,ffh,ffh,,,,,,,,,
,,,,,,,,,,,,,,,,
MXIC,MX25L512,C2h,20h,10h,,C2h,05h,,SRWD,0,0,0,BP1,BP0,WEL,WIP
,MX25L1005,C2h,20h,11h,,C2h,10h,,SRWD,0,0,0,BP1,BP0,WEL,WIP
,MX25L2005,C2h,20h,12h,,C2h,11h,,SRWD,0,0,0,BP1,BP0,WEL,WIP
,MX25L4005,C2h,20h,13h,,C2h,12h,,SRWD,0,0,BP2,BP1,BP0,WEL,WIP
,MX25L8005,C2h,20h,14h,,C2h,13h,,SRWD,0,0,BP2,BP1,BP0,WEL,WIP
,MX25L5121E,C2h,22h,10h,,,,,SRWD,0,0,0,BP1,BP0,WEL,WIP
,MX25L1021E,C2h,22h,11h,,,,,SRWD,0,0,0,BP1,BP0,WEL,WIP
,MX25L2006E,C2h,20h,12h,,C2h,11h,,SRWD,0,0,0,BP1,BP0,WEL,WIP
,MX25L4006E,C2h,20h,13h,,C2h,12h,,SRWD,0,0,BP2,BP1,BP0,WEL,WIP
,MX25L8006E,C2h,20h,14h,,C2h,13h,,SRWD,0,0,BP2,BP1,BP0,WEL,WIP
,MX25L1606E,C2h,20h,15h,,C2h,14h,,SRWD,0,BP3,BP2,BP1,BP0,WEL,WIP
,MX25L6445E,C2h,20h,17h,,c2h,16h,,,,,,,,,
,MX25L12845E,,,,,,,,,,,,,,,
,,,,,,,,,,,,,,,,
ATMEL,AT25F512,ffh,ffh,ffh,ffh,ffh,ffh,,WPEN,0,0,0,BP1,BP0,WEN,NRDY
,25df041a,1Fh,44h,01h,,ffh,ffh,,,,,,,,,
,25df021,1Fh,43h,,,ffh,ffh,,,,,,,,,
,25f512n,ffh,ffh,ffh,ffh,ffh,ffh,,,,,,,,,
,AT25F512B,1Fh,65h,00h,00h,ffh,ffh,ffh,BPL,RES,EPE,WPP,RES,BP0,WEL,RDYffhBSY
,25F1024N,1fh,60h,60h,,ffh,ffh,,,,,,,,,
,,,,,,,,,,,,,,,,
PMC,PM25LV512,ffh,ffh,ffh,,9Dh,7Bh,,WPEN,0,0,0,BP1,BP0,WEN,RDY
,PM25LV010,ffh,ffh,ffh,,9Dh,7Ch,,WPEN,0,0,0,BP1,BP0,WEN,RDY
,PM25LV020,7Fh,9Dh,7Dh,,9Dh,7Dh,,SRWD,0,0,BP2,BP1,BP0,WEL,WIP
,PM25LV040,7Fh,9Dh,7Eh,,9Dh,7Eh,,SRWD,0,0,BP2,BP1,BP0,WEL,WIP
,PM25LV512A,ffh,ffh,ffh,,9Dh,7Bh,,SRWD,0,0,BP2,BP1,BP0,WEL,WIP
,PM25LV010A,7Fh,9Dh,7Ch,,9Dh,7Ch,,SRWD,0,0,BP2,BP1,BP0,WEL,WIP
,PM25LV020A,,,,,,,,,,,,,,,
,PM25LV040A,,,,,,,,,,,,,,,
,PM25LD512C2,,,,,,,,,,,,,,,
,PM25LD512C,7Fh,9Dh,20h,,9Dh,20h,,SRWD1,0,0,BP2,BP1,BP0,WEL,WIP
,PM25LD512,7Fh,9Dh,20h,,9Dh,05h,,SRWD1,0,0,BP2,BP1,BP0,WEL,WIP
,PM25LD010,7Fh,9Dh,21h,,9Dh,10h,,SRWD1,0,0,BP2,BP1,BP0,WEL,WIP
,PM25LD020,7Fh,9Dh,22h,,9Dh,11h,,SRWD1,0,0,BP2,BP1,BP0,WEL,WIP
,PM25LD040,7Fh,9Dh,7Eh,,9Dh,7Eh,,,,,,,,,
,,,,,,,,,,,,,,,,
WINBOND,W25X10,EFh,30h,11h,,EFh,10h,,SRP,0,TB,BP2,BP1,BP0,WEL,BUSY
,W25X20,EFh,30h,12h,,EFh,11h,,SRP,0,TB,BP2,BP1,BP0,WEL,BUSY
,W25X40,EFh,30h,13h,,EFh,12h,,SRP,0,TB,BP2,BP1,BP0,WEL,BUSY
,W25X80,EFh,30h,14h,,EFh,13h,,SRP,0,TB,BP2,BP1,BP0,WEL,BUSY
,W25X05CL,EFh,30h,10h,,EFh,05h,,SRP,0,TB,0,BP1,BP0,WEL,BUSY
,W25X10CL,EFh,30h,11h,,EFh,10h,,SRP,0,TB,0,BP1,BP0,WEL,BUSY
,W25X20CL,EFh,30h,12h,,EFh,11h,,SRP,0,TB,0,BP1,BP0,WEL,BUSY
,W25X10A ,EFh,30h,11h,,EFh,10h,,SRP,0,TB,BP2,BP1,BP0,WEL,BUSY
,W25X20A,EFh,30h,12h,,EFh,11h,,SRP,0,TB,BP2,BP1,BP0,WEL,BUSY
,W25X20bv,EFh,30h,12h,,EFh,11h,,,,,,,,,
,W25X40A ,EFh,30h,13h,,EFh,12h,,SRP,0,TB,BP2,BP1,BP0,WEL,BUSY
,W25X80A,EFh,30h,14h,,EFh,13h,,SRP,0,TB,BP2,BP1,BP0,WEL,BUSY
,W25X16A ,EFh,30h,15h,,EFh,14h,,SRP,0,TB,BP2,BP1,BP0,WEL,BUSY
,W25X32A,EFh,30h,16h,,EFh,15h,,SRP,0,TB,BP2,BP1,BP0,WEL,BUSY
,W25X10AL,EFh,30h,11h,,EFh,10h,,SRP,0,TB,BP2,BP1,BP0,WEL,BUSY
,W25X20AL,EFh,30h,12h,,EFh,11h,,SRP,0,TB,BP2,BP1,BP0,WEL,BUSY
,W25X40AL,EFh,30h,13h,,EFh,12h,,SRP,0,TB,BP2,BP1,BP0,WEL,BUSY
,W25X80AL,EFh,30h,14h,,EFh,13h,,SRP,0,TB,BP2,BP1,BP0,WEL,BUSY
,25Q16BV,EFh,40h,15h,,EFh,14h,,,,,,,,,
,25Q32BV,EFh,40h,16h,,EFh,15h,,,,,,,,,
,,,,,,,,,,,,,,,,
SST,SST25VF512,ffh,ffh,ffh,,BFh,48h,,BPL,AAI,0,0,BP1,BP0,WEL,BUSY
,SST25VF010,ffh,ffh,ffh,,BFh,49h,,BPL,AAI,0,0,BP1,BP0,WEL,BUSY
,SST25VF020,ffh,ffh,ffh,,BFh,43h,,BPL,AAI,0,0,BP1,BP0,WEL,BUSY
,SST25VF512A,ffh,ffh,ffh,,BFh,48h,,BPL,AAI,0,0,BP1,BP0,WEL,BUSY
,SST25VF010A,ffh,ffh,ffh,,bfh,49h,,BPL,AAI,0,0,BP1,BP0,WEL,BUSY
,SST25VF020A,ffh,ffh,ffh,,BFh,43h,,BPL,AAI,0,0,BP1,BP0,WEL,BUSY
,SST25VF512B,BFh,25h,8Ah,,,,,BPL,AAI,0,0,BP1,BP0,WEL,BUSY
,SST25VF010B,BFh,25h,8Bh,,,,,BPL,AAI,0,0,BP1,BP0,WEL,BUSY
,SST25VF040A,ffh,ffh,ffh,,bfh,44h,,,,,,,,,
,SST25VF020B,BFh,25h,8Ch,,BFh,8Ch,,BPL,AAI,0,0,BP1,BP0,WEL,BUSY
,SST25LF020,ffh,ffh,ffh,,bfh,43h,,,,,,,,,
,25vf080b,bfh,25h,8eh,,bfh,8Eh,,,,,,,,,
,25vf016B,bfh,25h,41h,,bfh,41h,,,,,,,,,
,25vf****,bfh,25h,8Dh,,bfh,8Dh,,,,,,,,,
,,,,,,,,,,,,,,,,
Gigadevice,GD25Q512,C8h,40h,10h,,C8h,05h,,SRP0,BP4,BP3,BP2,BP1,BP0,WEL,WIP
,GD25Q10,C8h,40h,11h,,C8h,10h,,SRP0,BP4,BP3,BP2,BP1,BP0,WEL,WIP
,GD25Q20,C8h,40h,12h,,C8h,11h,,SRP0,BP4,BP3,BP2,BP1,BP0,WEL,WIP
,GD25Q40,C8h,40h,13h,,C8h,12h,,SRP0,BP4,BP3,BP2,BP1,BP0,WEL,WIP
,GD25Q40T,C8h,40h,13h,,C8h,12h,,SRP0,BP4,BP3,BP2,BP1,BP0,WEL,WIP
,GD25Q80,C8h,40h,14h,,C8h,13h,,SRP0,BP4,BP3,BP2,BP1,BP0,WEL,WIP
,GD25Q16,C8h,40h,15h,,C8h,14h,,SRP0,BP4,BP3,BP2,BP1,BP0,WEL,WIP
,,,,,,,,,,,,,,,,
AMIC,A25L040,37h,30h,13h,,37h,12h,,SRWD,0,0,BP2,BP1,BP0,WEL,WIP
,A25L080,37h,30h,14h,,37h,13h,,SRWD,0,0,BP2,BP1,BP0,WEL,WIP
,A25L016,37h,30h,15h,,37h,14h,,SRWD,0,0,BP2,BP1,BP0,WEL,WIP
,A25L032,37h,30h,16h,,37h,15h,,SRP0,SEC,TB,BP2,BP1,BP0,WEL,WIP
,A25LS512,,,,,,,,,,,,,,,
,A25L512O-FffhG,37h,30h,10h,,37h,05h,,,,,,,,,
,A25L512,37h,30h,10h,,37h,05h,,,,,,,,,
,A25L010M-F,37h,30h,11h,,37h,10h,,,,,,,,,
,A25L020,37h,30h,12h,,37h,11h,,,,,,,,,
,,,,,,,,,,,,,,,,
,,,,,,,,,,,,,,,,
,,,,,,,,,,,,,,,,
,,,,,,,,,,,,,,,,
,,,,,,,,,,,,,,,,
,,,,,,,,,,,,,,,,
,,,,,,,,,,,,,,,,
,,,,,,,,,,,,,,,,
SRWD,Status Register Write Protect,,,,,,,,,,,,,,,
BP4,Block Protect Bits,,,,,,,,,,,,,,,
BP3,Block Protect Bits,,,,,,,,,,,,,,,
BP2,Block Protect Bits,,,,,,,,,,,,,,,
BP1,Block Protect Bits,,,,,,,,,,,,,,,
BP0,Block Protect Bits,,,,,,,,,,,,,,,
WEL,Write Enable Latch Bit,,,,,,,,,,,,,,,
WIP,Write In Progress Bit,,,,,,,,,,,,,,,
,,,,,,,,,,,,,,,,
SRP0,Status Register Protect 0,,,,,,,,,,,,,,,
SEC,Sector Protect,,,,,,,,,,,,,,,
TB,TopffhBottom Bit,,,,,,,,,,,,,,,
,,,,,,,,,,,,,,,,
BPL,Block Protection Locked,,,,,,,,,,,,,,,
RES,Reserved for future use,,,,,,,,,,,,,,,
EPE,EraseffhProgram Error,,,,,,,,,,,,,,,
WPP,Write Protect (~WP) Pin Status,,,,,,,,,,,,,,,
RES,Reserved for future use,,,,,,,,,,,,,,,
BP0,Block Protection,,,,,,,,,,,,,,,
WEL,Write Enable Latch Status,,,,,,,,,,,,,,,
RDYffhBSY,ReadyffhBusy Status,,,,,,,,,,,,,,,
