SMI-0000,L2,,
BINSIZE,2816,1280,
CCAP,7,SMI,HPV,LN0,DL0,MA0,MU0,SMI_RDT,
CID Header,2,000h,
1,Light Switch Revision Label,Micron,Micron,Micron,Micron,Micron,Micron,Micron,str,000h,0,64,text,1,(null),
1,LS Revision Field (8B)-vendor control,LS-U1115,LS-U1115,LS-U1115,LS-U1115,LS-U1115,LS-U1115,LS-U1027,str,008h,0,64,text,1,(null),
VDT,7,030h,
1,VDT18 (DRAM),0h,0h,0h,0h,0h,0h,0h,hex,000h,0,1,check,2,1h/Enable,0h/Disable,
1,VDT27(Fsh2)&23(Fsh1),1h,1h,1h,1h,1h,1h,1h,hex,000h,2,1,check,2,1h/Enable,0h/Disable,
1,VDT12 (FIO),1h,1h,1h,1h,1h,1h,1h,hex,000h,3,1,check,2,1h/Enable,0h/Disable,
1,VDT27(Fsh2) Level,9h,Ah,Ah,9h,Ah,Ah,Ah,hex,001h,0,8,drop,16,0h/VRR=1.50/VFR=1.40 ,1h/VRR=1.60/VFR=1.50 ,2h/VRR=1.70/VFR=1.60 ,3h/VRR=1.80/VFR=1.70 ,4h/VRR=1.90/VFR=1.80 ,5h/VRR=2.00/VFR=1.90 ,6h/VRR=2.10/VFR=2.00 ,7h/VRR=2.20/VFR=2.10 ,8h/VRR=2.30/VFR=2.20 ,9h/VRR=2.40/VFR=2.30 ,Ah/VRR=2.50/VFR=2.40 ,Bh/VRR=2.60/VFR=2.50 ,Ch/VRR=2.70/VFR=2.60 ,Dh/VRR=2.80/VFR=2.70 ,Eh/VRR=2.90/VFR=2.80 ,Fh/VRR=3.00/VFR=2.90 ,
1,VDT23(Fsh1) Level,8h,8h,8h,8h,8h,8h,8h,hex,002h,0,8,drop,16,0h/VRR=1.50/VFR=1.40 ,1h/VRR=1.60/VFR=1.50 ,2h/VRR=1.70/VFR=1.60 ,3h/VRR=1.80/VFR=1.70 ,4h/VRR=1.90/VFR=1.80 ,5h/VRR=2.00/VFR=1.90 ,6h/VRR=2.10/VFR=2.00 ,7h/VRR=2.20/VFR=2.10 ,8h/VRR=2.30/VFR=2.20 ,9h/VRR=2.40/VFR=2.30 ,Ah/VRR=2.50/VFR=2.40 ,Bh/VRR=2.60/VFR=2.50 ,Ch/VRR=2.70/VFR=2.60 ,Dh/VRR=2.80/VFR=2.70 ,Eh/VRR=2.90/VFR=2.80 ,Fh/VRR=3.00/VFR=2.90 ,
1,VDT18(DRAM) Level,2h,2h,2h,2h,2h,2h,2h,hex,003h,0,8,drop,16,0h/VRR=0.90/VFR=0.85 ,1h/VRR=0.95/VFR=0.90 ,2h/VRR=1.00/VFR=0.95 ,3h/VRR=1.05/VFR=1.00 ,4h/VRR=1.10/VFR=1.05 ,5h/VRR=1.15/VFR=1.10 ,6h/VRR=1.20/VFR=1.15 ,7h/VRR=1.25/VFR=1.20 ,8h/VRR=1.30/VFR=1.25 ,9h/VRR=1.35/VFR=1.30 ,Ah/VRR=1.40/VFR=1.35 ,Bh/VRR=1.45/VFR=1.40 ,Ch/VRR=1.50/VFR=1.45 ,Dh/VRR=1.55/VFR=1.50 ,Eh/VRR=1.60/VFR=1.55 ,Fh/VRR=1.65/VFR=1.60 ,
1,VDT12(FIO) Level,2h,2h,2h,2h,2h,2h,2h,hex,004h,0,8,drop,16,0h/VRR=1.00/VFR=0.95 ,1h/VRR=1.05/VFR=1.00 ,2h/VRR=1.10/VFR=1.05 ,3h/VRR=1.15/VFR=1.10 ,4h/VRR=1.20/VFR=1.15 ,5h/VRR=1.25/VFR=1.20 ,6h/VRR=1.30/VFR=1.25 ,7h/VRR=1.35/VFR=1.30 ,8h/VRR=1.40/VFR=1.35 ,9h/VRR=1.45/VFR=1.40 ,Ah/VRR=1.50/VFR=1.45 ,Bh/VRR=1.55/VFR=1.50 ,Ch/VRR=1.60/VFR=1.55 ,Dh/VRR=1.65/VFR=1.60 ,Eh/VRR=1.70/VFR=1.65 ,Fh/VRR=1.75/VFR=1.70 ,
SEC,12,040h,
1,TCG,0h,0h,1h,0h,0h,0h,0h,hex,000h,0,1,check,2,1h/Enable,0h/Disable,
1,IEEE1667,0h,0h,0h,0h,0h,0h,0h,hex,000h,1,1,check,2,1h/Enable,0h/Disable,
1,Pyrite,1h,1h,0h,1h,0h,0h,0h,hex,000h,2,1,check,2,1h/Enable,0h/Disable,
1,OpalLite,0h,0h,0h,0h,0h,0h,0h,hex,000h,3,1,check,2,1h/Enable,0h/Disable,
1,AtaPassThrough,1h,0h,1h,1h,0h,0h,0h,hex,000h,4,1,check,2,1h/Enable,0h/Disable,
1,BlockSid,1h,1h,1h,1h,0h,0h,0h,hex,000h,7,1,check,2,1h/Enable,0h/Disable,
1,DisableMBR,1h,1h,0h,1h,0h,0h,0h,hex,000h,10,1,check,2,1h/Enable,0h/Disable,
1,AES ,0h,0h,1h,0h,0h,0h,0h,hex,004h,0,1,check,2,1h/Enable,0h/Disable,
1,Force Check Css Header,0h,0h,0h,0h,0h,0h,0h,hex,004h,1,1,check,2,1h/Enable,0h/Disable,
1,HP Authentication,0h,0h,0h,0h,0h,0h,0h,hex,004h,2,1,check,2,1h/Enable,0h/Disable,
1,ForceVuCmdAuth,0h,0h,0h,0h,0h,0h,0h,hex,004h,3,1,check,2,1h/Enable,0h/Disable,
1,SecurityVersion,0h,0h,0h,0h,0h,0h,0h,hex,008h,0,32,text,0,
VUID,5,080h,
1,ePPID,32ByteStr,32ByteStr,32ByteStr,32ByteStr,32ByteStr,32ByteStr,32ByteStr,str,000h,0,256,text,0,
1,Nominal Form Factor,2h,2h,2h,2h,2h,2h,2h,hex,020h,0,4,drop,4,0h/Nominal form factor not reported,1h/2.5 inch nominal form factor,2h/M.2,3h/HHHL,
1,Intel Pro feature identifier - Enhanced Digital fence,0h,0h,0h,0h,0h,0h,0h,hex,024h,0,1,check,2,1h/Enbale,0h/Disable,
1,Intel Pro feature identifier - Remote Secure Erase,0h,0h,0h,0h,0h,0h,0h,hex,024h,1,1,check,2,1h/Enbale,0h/Disable,
1,World Wide Number,8ByteStr,8ByteStr,8ByteStr,8ByteStr,8ByteStr,8ByteStr,8ByteStr,str,026h,0,64,text,0,
FEAT,14,0C0h,
1,Dynamic Frequency Division,FFFFFFFFFFFFFFFFh,FFFFFFFFFFFFFFFFh,FFFFFFFFFFFFFFFFh,FFFFFFFFFFFFFFFFh,FFFFFFFFFFFFFFFFh,FFFFFFFFFFFFFFFFh,FFFFFFFFFFFFFFFFh,hex,000h,0,64,drop,7,FFFFFFFFFFFFFFFFh/Disable,AAAAFFFEEAEAFFFEh/L1,AAAAFEFEEAEAFEFEh/L2,AAAAFEEEEAEAFEEEh/L3,AAAAEEEEEAEAEEEEh/L4,AAAAEEEAEAEAEEEAh/L5,AAAAEAEAEAEAEAEAh/L6,
1,Keep Lightswitch setting,0h,0h,0h,0h,0h,0h,0h,hex,008h,0,1,check,2,1h/Enable,0h/Disable,
1,Enable Watchdog,1h,1h,1h,1h,1h,1h,0h,hex,008h,1,1,check,2,1h/Enable,0h/Disable,
1,Enable Save DumpFA,1h,1h,1h,1h,1h,1h,0h,hex,008h,2,1,check,2,1h/Enable,0h/Disable,
1,Enable Reset Cpu at WDT,0h,0h,0h,0h,0h,0h,0h,hex,008h,3,1,check,2,1h/Enable,0h/Disable,
1,Enable UART Rx,0h,0h,0h,0h,0h,0h,0h,hex,008h,4,1,check,2,1h/Enable,0h/Disable,
1,Output UART Log,1h,1h,1h,1h,1h,1h,1h,hex,008h,5,1,check,2,1h/Enable,0h/Disable,
1,CPU Clcok Sync Sys,0h,0h,0h,0h,0h,0h,0h,hex,00Ch,0,1,check,2,1h/Enable,0h/Disable,
1,Clock Idle Div Num(Max: 32),1,1,1,1,1,1,1,dec,00Dh,0,8,text,0,
1,Idle div wait Tcycle Cnt (total 11-bit),0h,0h,0h,0h,0h,0h,0h,hex,00Eh,0,16,text,0,
1,Bus Idle Mask,0h,0h,0h,0h,0h,0h,0h,hex,010h,0,16,text,0,
1,Retire PE (0 means GRTPE),0,0,0,0,0,0,0,dec,012h,0,16,text,1,Retire PE,
1,Dynamic SLC Capacity,50,50,50,50,50,50,50,dec,014h,0,8,text,1,Unit: Percent of total capacity,
1,Idle Gc Delay Time(ms),8000,8000,8000,8000,8000,8000,8000,dec,018h,0,32,text,0,
CRC,D526h,830Ah,1145h,421Ah,3144h,E2E4h,BD81h,5D74h,
