ErrCode,Describe,
4001,Mass production timeout,
5001,Verify disk parameters fail,
5002,Get Firmware info fail,
5003,Dump parameters fail,
5004,ISP fail,
5005,Get Firmware info fail,
5006,Bad Block merge fail,
5007,Build Table Fail,
5008,Build Table Fail,
5009,Build Table Fail,
5010,Write table fail,
5011,Write table fail,
5012,Get Firmware info fail,
5013,RDT result fail,
5014,RDT result fail,
5015,Get Firmware info fail,
5016,Get Firmware info fail,
5017,ISP fail,
5018,ISP fail,
5022,Get Firmware info fail,
5023,Get Firmware info fail,
5024,ISP fail,
5025,Device Check Status error,
5026,Set system environment fail,
5029,Build Table Fail,
5030,Build Table Fail,
5041,Build Table Fail,
5042,Too much bad block,
5043,Bad Block merge fail,
5044,Load scan script fail,
5045,Write table fail,
5046,Set system environment fail,
5047,Save log fail,
5048,Get Firmware info fail,
5049,Write table fail,
5050,Not supported Flash,
5051,Get Firmware info fail,
5052,Device Check Status error,
5053,Randomize Bad Block fail,
5054,RAM error,
5055,GoCache error,
5056,Initial system fail,
5057,Device Check Status error,
5058,SHALLOW ERASE fail,
5061,SHALLOW ERASE fail,
5062,SHALLOW ERASE fail,
5063,SHALLOW ERASE fail,
5064,Inherit RDT info fail,
5066,ADJ Scan fail,
5067,File System pending fail,
5068,Open device handle fail,
5069,Write table fail,
5070,Flash ID Error,
5071,Check Capacity fail,
5072,Compare Flash Fail,
5073,Generate CH/CE Map fail,
5074,Generate CH/CE Map fail,
5075,Flash ID Error,
5076,FLASH 28/48 ERROR,
5077,FLASH 28/48 ERROR,
5080,Get Firmware info fail,
5081,Device Erase fail,
5082,Communication Error,
5084,Communication Error,
5086,Communication Error,
5087,Communication Error,
5088,Communication Error,
5089,Communication Error,
5090,Communication Error,
5091,Time Out,
5094,Get Firmware info fail,
5095,Get Firmware info fail,
5096,Get Firmware info fail,
5097,Get Firmware info fail,
5098,Get Firmware info fail,
5100,Get flash parameters fail,
5101,Check RDT result fail,
5102,RDT result fail,
5103,Get Firmware info fail,
5104,Init alg tab fail,
5105,Get boot point fail,
5106,Init flash device fail,
5107,Boot add disk fail,
5108,Product Name not match,
5109,Vendor Name not match,
5110,Disk Capacity not match,
5111,FW Version not match,
5112,SerialName prefix not match,
5113,MakeTime not match,
5114,MP Version not match,
5115,FlashID not match,
5116,FlashModel not match,
5117,CE number not match,
5118,New Bad Block value is too big,
5119,Retry C3 value is too big,
5120,Retry C4 value is too big,
5121,CRC C7 value is too big,
5122,HIPM status not match,
5123,DIPM status not match,
5124,SSC status not match,
5125,DevSlp status not match,
5126,Trim status not match,
5127,Security status not match,
5128,Get SMART info fail,
5129,Clear SMART info fail,
5130,Get Disk Detail info fail,
5131,SET alg bad blk to sim fail,
5132,No Enough Burn In Data,
5133,Format disk fail,
5134,Open Disk fail,
5135,Get Identify info fail,
5136,VDT At RDT,
5137,Get Is VDT At RDT Fail,
5138,Get Identify Info Fail,
5139,New Bad Block is not 0,
5140,Power-on hour is not 0,
5141,Total TLC erase time is not 0,
5142,Max TLC erase time is not 0,
5143,Min TLC erase time is not 0,
5144,Avg TLC erase time is not 0,
5145,Vendor specific is not 0,
5146,Vendor specific is not 0,
5147,Vendor specific is not 0,
5148,Hardware ECC recovered count is not 0,
5149,Realloce event count is not 0,
5150,Current pending sector is not 0,
5151,Smart Off-line Scan Error count is not 0,
5152,CRC-C7 is not 0,
5153,Total Write sector count is not 0,
5154,Total Read sector count is not 0,
5155,Vendor specific is not 0,
5156,FLASH R/W Test Failure,Check PCB board for welding problems
5157,Modify UPD info fail,
5158,Modify Identify info fail,
5159,Update USB FW fail,
5161,Flash Error,
5162,Init Guid Mudule fail,
5163,Set Guid To Advdata Fail,
5164,Format disk fail,
5207,Warning,PFail[1]/RFail[2]/NewBadBlk[4]/ADJFail[8]��
7001,Build Table Fail,
7002,Too much bad block,
7003,Too much bad block,
7004,Build Table Fail,
7005,Build Table Fail,
7006,Build Table Fail,
7007,Build Table Fail,
7008,Build Table Fail,
7009,Build Table Fail,
7010,Build Table Fail,
7011,Build Table Fail,
7012,Build Table Fail,
7013,Build Table Fail,
7014,Build Table Fail,
7015,Build Table Fail,
7016,Build Table Fail,
7017,Build Table Fail,
7018,Build Table Fail,
7019,Build Table Fail,
7020,Build Table Fail,
7021,Build Table Fail,
7022,Build Table Fail,
7023,Build Table Fail,
7024,Build Table Fail,
7025,Build Table Fail,
7026,Build Table Fail,
7027,Build Table Fail,
7028,Build Table Fail,
7029,Build Table Fail,
7030,Build Table Fail,
7031,Build Table Fail,
7032,Build Table Fail,
7033,Build Table Fail,
7034,Build Table Fail,
7035,Build Table Fail,
7037,Build Table Fail,
7038,Too much bad block,
7039,Build Table Fail,
7040,Too much bad block,
7041,Build Table Fail,
7042,Build Table Fail,
7043,Build Table Fail,
7044,Build Table Fail,
7045,Build Table Fail,
7046,Build Table Fail,
7047,Build Table Fail,
7048,Get Serial number fail,
7049,Build Table Fail,
7051,Too much bad block,
7052,Build Table Fail,
8001,Get Firmware info fail,
8002,Get Firmware info fail,
8003,Get Firmware info fail,
8004,Get Firmware info fail,
8005,Get Firmware info fail,
8006,Not Support Flash,
8007,Init BootMirrorDataMgr Fail,
8008,UDP Version mismatch,
8009,Init UDP Fail,
8010,Init SUPER INDEX Fail,
8011,Get G3 UDP Fail,
8012,Get G0 UDP Fail,
8013,G3 UDP CheckSum Fail,
8101,ISP fail,
8102,ISP fail,
8103,ISP fail,
8104,ISP fail,
8105,ISP fail,
8106,ISP fail,
8107,ISP fail,
8108,ISP fail,
8109,ISP fail,
8110,ISP fail,
8116,ISP fail,
8117,ISP fail,
8118,ISP fail,
8201,Set RDT environment fail,
8202,Set RDT environment fail,
8203,Set RDT environment fail,
8204,Set RDT environment fail,
8205,Set RDT environment fail,
8206,Set RDT environment fail,
8207,Set RDT environment fail,
8208,Set RDT environment fail,
8209,Set RDT environment fail,
8210,Set RDT environment fail,
8211,Set RDT environment fail,
8212,Set Write Table environment fail,
8301,Get RDT info fail,
8302,Get RDT info fail,
8303,Get RDT info fail,
8304,Get RDT info fail,
8305,Get RDT info fail,
8306,Get RDT info fail,
8307,Get RDT info fail,
8308,Get RDT info fail,
8309,Get RDT info fail,
8310,Get RDT info fail,
8311,Get RDT info fail,
8312,Get RDT info fail,
8313,Get RDT info fail,
8314,RDT result fail,
8315,RDT Version No Match,
8501,Get Firmware info fail,
8502,Get Firmware info fail,
8503,Get Firmware info fail,
8504,Get Firmware info fail,
8505,Get Firmware info fail,
8510,ISP fail,
8511,Get Firmware info fail,
8512,Build Table Fail,
8513,Build Table Fail,
8514,Get Advnace info fail,
8515,Get Firmware info fail,
8516,Get RDT info fail,
8517,Get Firmware info fail,
8518,Get RDT info fail,
8519,Get Firmware info fail,
8520,Get Firmware info fail,
8601,Build Boot Module fail,
8603,Build Table Fail,
8604,Build Table Fail,
8606,Build Table Fail,
8607,Build Table Fail,
8608,Build Table Fail,
8610,Build Table Fail,
8611,Build Table Fail,
8612,Build Table Fail,
8613,Set RDT environment fail,
8614,Write table fail,
8617,Write table fail,
8619,Write table fail,
8621,Write table fail,
8622,Build Table Fail,
8624,Build Table Fail,
8625,ISP fail,
8626,ISP fail,
8627,Write table fail,
8701,Test process fail,
8702,Test process fail,
8703,ISP fail,
8704,Build Table Fail,
8705,Test process fail,
8801,Write table fail,
8802,Write table fail,
8803,Write table fail,
8804,Write table fail,
8805,Write table fail,
8806,Write table fail,
8807,Write table fail,
8808,Write table fail,
8809,Write table fail,
8810,Write table fail,
8811,Write table fail,
8812,Write table fail,
8813,Write table fail,
8814,Write table fail,
8815,Write table fail,
8816,Write table fail,
8817,Write table fail,
400,Unknown error,
