000-0000,L2,,,,,,,,,,,,,,,,,,,,,,,,,,,,,,,,,,,,,,,,,,,,,,,
BINSIZE,16384,,,,,,,,,,,,,,,,,,,,,,,,,,,,,,,,,,,,,,,,,,,,,,,
CAP,20,B47R,N38A,N48R,S_B47R,S_N38A,S_BS54T,S_BS5AP,BS51T,BS51T_4K,B27B,W_BS5,T_BS5,T_BS5_4K,TBS54K_O,TBS54KSD,T_BS6_4K,TAS,TAS_4K,WDS,HYV7TLC,,,,,,,,,,,,,,,,,,,,,,,,,,,
CCAP,20,B47R,N38A,N48R,S_B47R,S_N38A,S_BS54T,S_BS5AP,BS51T,BS51T_4K,B27B,W_BS5,T_BS5,T_BS5_4K,T_BS5_4K_OTB,TBS54KSD,T_BS6_4K,TAS,TAS_4K,WDS,HYV7TLC,,,,,,,,,,,,,,,,,,,,,,,,,,,
Table1 Name,Item Count,Table Offset,Table Offset,Table Offset,Table Offset,Table Offset,Table Offset,Table Offset,Table Offset,Table Offset,Table Offset,Table Offset,Table Offset,Table Offset,Table Offset,Table Offset,Table Offset,Table Offset,Table Offset,Table Offset,Table Offset,,,,,,,,,,,,,,,,,,,,,,,,,,,
Controllable,Name,Value,Value,Value,Value,Value,Value,Value,Value,Value,Value,Value,Value,Value,Value,Value,Value,Value,Value,Value,Value,Value format,Byte Offset (hex format in 3-digital),Bit Offset,Bit Count,Type,Subitem Count,Subitem 1,Subitem 2,Subitem 3,Subitem 4,and so on,,,,,,,,,,,,,,,,
0=>No,,,,,,,,,,,,,,,,,,,,,,dec,,,,check,,subitem value/description if element type is 0,subitem value/description,??subitem value/description,End,,,,,,,,,,,,,,,,,
1=>Yes,,,,,,,,,,,,,,,,,,,,,,hex,,,,drop,,the first subitem will be checked on check Box,,,,,,,,,,,,,,,,,,,,
,,,,,,,,,,,,,,,,,,,,,,str,,,,text,,description if element type is Text Edit,,,,,,,,,,,,,,,,,,,,
CID Header,11,000h,
1,ISP Revision Label,0,0,0,0,0,0,0,0,0,0,0,0,0,0,0,0,0,0,0,0,str,000h,0,64,text,1,(null),
1,FW Revision Field  (8B)-vendor control,W1102A,W1117A,W1117A,W1102A,W1117A,W1102A,W1102A,W1102A,W1102A,W1102A,W1116A,W1102A,W1102A,W1102A,W1103A,W1102A,W1102A,W1102A,W1102A,W1228A,str,008h,0,64,text,1,(null),
1,Light Switch Revision Label,SSV,SSV,SSV,SSV,SSV,SSV,SSV,SSV,SSV,SSV,SSV,SSV,SSV,SSV,SSV,SSV,SSV,SSV,SSV,SSV,str,0A0h,0,64,text,1,(null),
1,LS Revision Field (8B)-vendor control,LSX0109A,LSW1222B,LSW1222B,LSW1222B,LSW1222B,LSX0104A,LSX0104A,LSW1222B,LSW1222B,LSW1222B,LSW1222B,LSW1222B,LSX0104A,LSX0104A,LSW1222B,LSX0104A,LSW1222B,LSW1222B,LSW1222B,LSW1228A,str,0A8h,0,64,text,1,(null),
1,Vendor Specific Label,VENDOR SPECIFIC:,VENDOR SPECIFIC:,VENDOR SPECIFIC:,VENDOR SPECIFIC:,VENDOR SPECIFIC:,VENDOR SPECIFIC:,VENDOR SPECIFIC:,VENDOR SPECIFIC:,VENDOR SPECIFIC:,VENDOR SPECIFIC:,VENDOR SPECIFIC:,VENDOR SPECIFIC:,VENDOR SPECIFIC:,VENDOR SPECIFIC:,VENDOR SPECIFIC:,VENDOR SPECIFIC:,VENDOR SPECIFIC:,VENDOR SPECIFIC:,VENDOR SPECIFIC:,VENDOR SPECIFIC:,str,0B0h,0,128,text,1,(null),
1,Vendor Specific Field(64B)-customization area,vendor_specific_vendor_specific_vendor_specific_vendor_specific_,vendor_specific_vendor_specific_vendor_specific_vendor_specific_,vendor_specific_vendor_specific_vendor_specific_vendor_specific_,vendor_specific_vendor_specific_vendor_specific_vendor_specific_,vendor_specific_vendor_specific_vendor_specific_vendor_specific_,vendor_specific_vendor_specific_vendor_specific_vendor_specific_,vendor_specific_vendor_specific_vendor_specific_vendor_specific_,vendor_specific_vendor_specific_vendor_specific_vendor_specific_,vendor_specific_vendor_specific_vendor_specific_vendor_specific_,vendor_specific_vendor_specific_vendor_specific_vendor_specific_,vendor_specific_vendor_specific_vendor_specific_vendor_specific_,vendor_specific_vendor_specific_vendor_specific_vendor_specific_,vendor_specific_vendor_specific_vendor_specific_vendor_specific_,vendor_specific_vendor_specific_vendor_specific_vendor_specific_,vendor_specific_vendor_specific_vendor_specific_vendor_specific_,vendor_specific_vendor_specific_vendor_specific_vendor_specific_,vendor_specific_vendor_specific_vendor_specific_vendor_specific_,vendor_specific_vendor_specific_vendor_specific_vendor_specific_,vendor_specific_vendor_specific_vendor_specific_vendor_specific_,vendor_specific_vendor_specific_vendor_specific_vendor_specific_,str,0C0h,0,512,text,1,(null),
1,Serial Num Label,SERIAL NUM :,SERIAL NUM :,SERIAL NUM :,SERIAL NUM :,SERIAL NUM :,SERIAL NUM :,SERIAL NUM :,SERIAL NUM :,SERIAL NUM :,SERIAL NUM :,SERIAL NUM :,SERIAL NUM :,SERIAL NUM :,SERIAL NUM :,SERIAL NUM :,SERIAL NUM :,SERIAL NUM :,SERIAL NUM :,SERIAL NUM :,SERIAL NUM :,str,100h,0,96,text,1,(null),
1,Serial Num Field (20B)-vendor control,AA00000000015055,AA00000000015055,AA00000000015055,AA00000000015055,AA00000000015055,AA00000000015055,AA00000000015055,AA00000000015055,AA00000000015055,AA00000000015055,AA00000000015055,AA00000000015055,AA00000000015055,AA00000000015055,AA00000000015055,AA00000000015055,AA00000000015055,AA00000000015055,AA00000000015055,AA00000000015055,str,10Ch,0,160,text,1,(null),
1,Model Num Label,MODEL  :,MODEL  :,MODEL  :,MODEL  :,MODEL  :,MODEL  :,MODEL  :,MODEL  :,MODEL  :,MODEL  :,MODEL  :,MODEL  :,MODEL  :,MODEL  :,MODEL  :,MODEL  :,MODEL  :,MODEL  :,MODEL  :,MODEL  :,str,120h,0,64,text,1,(null),
1,EP0 P. String (20B)-vendor control,SM2320XT,SM2320XT,SM2320XT,SM2320XT,SM2320XT,SM2320XT,SM2320XT,SM2320XT,SM2320XT,SM2320XT,SM2320XT,SM2320XT,SM2320XT,SM2320XT,SM2320XT,SM2320XT,SM2320XT,SM2320XT,SM2320XT,SM2320XT,str,128h,0,160,text,1,(null),
1,EP0 M. String (20B)-vendor control,SiliconMotion,SiliconMotion,SiliconMotion,SiliconMotion,SiliconMotion,SiliconMotion,SiliconMotion,SiliconMotion,SiliconMotion,SiliconMotion,SiliconMotion,SiliconMotion,SiliconMotion,SiliconMotion,SiliconMotion,SiliconMotion,SiliconMotion,SiliconMotion,SiliconMotion,SiliconMotion,str,13Ch,0,160,text,1,(null),
Legacy,62,180h,
1,Debug DRAM,0h,0h,0h,0h,0h,0h,0h,0h,0h,0h,0h,0h,0h,0h,0h,0h,0h,0h,0h,0h,hex,000h,7,1,check,2,1h/Enable check the content of H2F,0h/Disable check the content of H2F,
1,Enable Read look ahead,1h,1h,1h,1h,1h,1h,1h,1h,1h,1h,1h,1h,1h,1h,1h,1h,1h,1h,1h,1h,hex,000h,6,1,check,2,1h/Enable,0h/Disable,
1,Enable SLC to SLC,1h,1h,1h,1h,1h,1h,1h,1h,1h,1h,1h,1h,1h,1h,1h,1h,1h,1h,1h,1h,hex,000h,5,1,check,2,1h/Enable SLC to SLC ,0h/Disable SLC to SLC ,
1,EnEarlyMove/Retire,0h,0h,0h,0h,0h,0h,0h,0h,0h,0h,0h,0h,0h,0h,0h,0h,0h,0h,0h,0h,hex,000h,4,1,check,2,1h/Enable Early Move Retire to the threshold of ECC error bits,0h/Disable Early Move Retire to the threshold of ECC error bits,
1,Snap Read,1h,1h,1h,1h,1h,1h,1h,1h,1h,1h,1h,1h,1h,1h,1h,1h,1h,1h,1h,1h,hex,000h,3,1,check,2,1h/Enable Snap Read,0h/Disable Snap Read,
1,gbEnProgFailHandle,1h,1h,1h,1h,1h,1h,1h,1h,1h,1h,1h,1h,1h,1h,1h,1h,1h,1h,1h,1h,hex,000h,2,1,check,2,1h/Enable program fail handle,0h/Disable program fail handle,
1,gbLBATagChecking,0h,0h,0h,0h,0h,0h,0h,0h,0h,0h,0h,0h,0h,0h,0h,0h,0h,0h,0h,0h,hex,000h,1,1,check,2,1h/Enable check spare LBA,0h/Disable check spare LBA,
1,Enable Dummy Erase in read-retry,0h,0h,0h,0h,0h,0h,0h,0h,0h,0h,0h,0h,0h,0h,0h,0h,0h,0h,0h,0h,hex,000h,0,1,check,2,1h/Enable Dummy Erase,0h/Disable Dummy Erase,
1,Make bad once soft-dec fail,1h,1h,1h,1h,1h,1h,1h,1h,1h,1h,1h,1h,1h,1h,1h,1h,1h,1h,1h,1h,hex,001h,7,1,check,2,1h/Enable,0h/Disable,
1,Pg17Fix,0h,0h,0h,0h,0h,0h,0h,0h,0h,0h,0h,0h,0h,0h,0h,0h,0h,0h,0h,0h,hex,001h,6,1,check,2,1h/Enable,0h/Disable,
1,Enable Shallow Erase,0h,0h,0h,0h,0h,0h,0h,0h,0h,0h,0h,0h,0h,0h,0h,0h,0h,0h,0h,0h,hex,001h,5,1,check,2,1h/Enable,0h/Disable,
1,Enable Skip OOB Read,0h,0h,0h,0h,0h,0h,0h,0h,0h,0h,0h,0h,0h,0h,0h,0h,0h,0h,0h,0h,hex,001h,4,1,check,2,1h/Enable,0h/Disable,
1,Read Pre-Trigger,0h,0h,0h,0h,0h,0h,0h,0h,0h,0h,0h,0h,0h,0h,0h,0h,0h,0h,0h,0h,hex,001h,3,1,check,2,1h/Enable,0h/Disable,
1,NAND tR improve,0h,0h,0h,0h,0h,0h,0h,0h,0h,0h,0h,0h,0h,0h,0h,0h,0h,0h,0h,0h,hex,001h,2,1,check,2,1h/Enable,0h/Disable,
1,Enable Flash Cache Prog_SLC,1h,1h,1h,1h,1h,1h,1h,1h,1h,1h,1h,1h,1h,1h,1h,1h,1h,1h,1h,1h,hex,001h,1,1,drop,2,0h/Controller will use Program Page(0x10) for NAND,1h/ Controller will use Program Page Cache(0x15) for NAND,
1,EnScrb,1h,1h,1h,1h,1h,1h,1h,1h,1h,1h,1h,1h,1h,1h,1h,1h,1h,1h,1h,1h,hex,001h,0,1,check,2,1h/Enable scramble function for NAND,0h/Disable scramble function for NAND,
1,IgnorEraseFail,0h,0h,0h,0h,0h,0h,0h,0h,0h,0h,0h,0h,0h,0h,0h,0h,0h,0h,0h,0h,hex,002h,7,1,check,2,1h/Enable Ignore NAND erase failed,0h/Disable Ignore NAND erase failed,
1,Erase Map When VP Mismatch,0h,0h,0h,0h,0h,0h,0h,0h,0h,0h,0h,0h,0h,0h,0h,0h,0h,0h,0h,0h,hex,002h,6,1,check,2,1h/Enable,0h/Disable,
1,Express Read,1h,1h,1h,1h,1h,1h,1h,1h,1h,1h,1h,1h,1h,1h,1h,1h,1h,1h,1h,1h,hex,002h,5,1,check,2,1h/Enable,0h/Disable,
1,Flash Cache Read,1h,1h,1h,1h,1h,1h,1h,1h,1h,1h,1h,1h,1h,1h,1h,1h,1h,1h,1h,1h,hex,002h,4,1,check,2,1h/Enable,0h/Disable,
1,UART Rx Trigger(Do not Enable on KBL platform),1h,1h,1h,1h,1h,1h,1h,1h,1h,1h,1h,1h,1h,1h,1h,1h,1h,1h,1h,1h,hex,002h,3,1,check,2,1h/Enable UART Rx Trigger,0h/Disable UART Rx Trigger,
1,Level indicator SoftDecode,1h,1h,1h,1h,1h,1h,1h,1h,1h,1h,1h,1h,1h,1h,1h,1h,1h,1h,1h,1h,hex,002h,2,1,check,2,1h/Enable Level indicator softdecode,0h/Disable Level indicator softdecode,
1,ReLinkDebug,1h,1h,1h,1h,1h,1h,1h,1h,1h,1h,1h,1h,1h,1h,1h,1h,1h,1h,1h,1h,hex,002h,1,1,check,2,1h/Enable assert if ReadLink Table is malfunctioned,0h/Disable assert if ReadLink Table is malfunctioned,
1,OutputUART(Enable UART will ignore UART Rx Trigger item),1h,1h,1h,1h,1h,1h,1h,1h,1h,1h,1h,1h,1h,1h,1h,1h,1h,1h,1h,1h,hex,002h,0,1,check,2,1h/Enable output debug message to UART(Rx Trigger will be enabled),0h/Disable output debug message to UART,
1,Enable Pre-Erase,0h,1h,1h,0h,0h,1h,1h,1h,1h,0h,1h,1h,1h,1h,1h,1h,1h,1h,1h,1h,hex,003h,7,1,check,2,1h/Enable,0h/Disable,
1,Enable Flash Cache Prog_TLC,0h,0h,0h,0h,0h,0h,0h,0h,0h,0h,0h,0h,0h,0h,0h,0h,0h,0h,0h,0h,hex,003h,3,1,drop,2,0h/Controller will use Program Page(0x10) for NAND,1h/ Controller will use Program Page Cache(0x15) for NAND,
1,gbFlashTrigHost(2262 only),0h,0h,0h,0h,0h,0h,0h,0h,0h,0h,0h,0h,0h,0h,0h,0h,0h,0h,0h,0h,hex,003h,1,1,check,2,1h/Enable,0h/Disable,
1,Spare Pool Difference Threshold,80,80,80,80,80,80,80,80,80,80,80,80,80,80,80,80,80,80,80,80,dec,004h,0,8,text,1,gSpareDiffTH a parameter to adjust erase order sequence.  threshold=  (x/100)*WearLeveling different count,
1,Read Ahead Continute Threshold,5,5,5,5,5,5,5,5,5,5,5,5,5,5,5,5,5,5,5,5,dec,005h,0,8,text,1,(null),
1,max program ce cnt per ch_SLC,8,8,8,8,8,8,8,8,8,8,8,8,8,8,8,8,8,8,8,8,dec,006h,0,8,text,1,(null),
1,En Multiple-Plane Read,1h,1h,1h,1h,1h,1h,1h,1h,1h,1h,1h,1h,1h,1h,1h,1h,1h,1h,1h,1h,hex,007h,0,1,check,2,1h/Enable M-Plane read command,0h/Disable M-Plane read command,
1,(SMI internal only) Detect Swap Time Out (sec),0,0,0,0,0,0,0,0,0,0,0,0,0,0,0,0,0,0,0,0,dec,008h,0,8,text,1,(null),
1,Wear Leveling Different Count,50,50,50,50,50,100,100,100,100,100,100,100,100,100,100,100,50,50,50,50,dec,009h,0,8,text,1,WearLeveling different count(gWearDiffTH) which indicate the threshold value to trigger wear leveling function. Default:100,
1,Wear Leveling Different Count for SLC Region,200,200,200,200,200,200,200,200,200,200,200,200,200,200,200,200,200,200,200,200,dec,00Ah,0,8,text,1,WearLeveling different count for SLC region which indicates the threshold value to trigger wear leveling for SLC region. Default: 200,
1,Max Wear Leveling Block Num,3,3,3,3,3,3,3,3,3,3,3,3,3,3,3,3,3,3,3,3,dec,00Bh,0,8,text,1,Indicate the max block number processed by wear leveling function concurrently.,
1,4L read policy,2h,2h,2h,2h,2h,2h,2h,2h,2h,2h,2h,2h,2h,2h,2h,2h,2h,2h,2h,2h,hex,00Ch,0,8,drop,3,0h/Disable both,1h/Workaround with retry#2 ,2h/New 4L set feature command,
1,max program ce cnt per ch_TLC,8,8,8,8,8,8,8,8,8,8,8,8,8,8,8,8,8,8,8,8,dec,00Dh,0,8,text,1,(null),
1,Erase Retry Count,0,0,0,0,0,0,0,0,0,0,0,0,0,0,0,0,0,0,0,0,dec,01Dh,0,4,text,1,Indicate retry count to erase a block (0~15),
1,GPIO-P1.2 for Erase Unit,0h,0h,0h,0h,0h,0h,0h,0h,0h,0h,0h,0h,0h,0h,0h,0h,0h,0h,0h,0h,hex,026h,6,1,check,2,1h/Enable,0h/Disable,
1,ECC Bit Count for Early Move,255,255,255,255,255,255,255,255,255,255,255,255,255,255,255,255,255,255,255,255,dec,02Ah,0,8,text,1,(null),
1,ECC Bit Count for Early Retire,255,255,255,255,255,255,255,255,255,255,255,255,255,255,255,255,255,255,255,255,dec,02Bh,0,8,text,1,(null),
1,MLC check distance in rest page,8,8,8,8,8,8,8,8,8,8,8,8,8,8,8,8,8,8,8,8,dec,02Dh,4,4,text,1,(null),
1,SLC check distance in rest page,3,3,3,3,3,3,3,3,3,3,3,3,3,3,3,3,3,3,3,3,dec,02Dh,0,4,text,1,(null),
1,SSGSTH_closeTLC,51111,51111,51111,51111,51111,51111,51111,51111,51111,51111,51111,51111,51111,51111,51111,51111,51111,51111,51111,51111,dec,030h,0,16,text,1,SSGSTH_closeTLC,
1,SSGSTH_openTLC,25555,25555,25555,25555,25555,25555,25555,25555,25555,25555,25555,25555,25555,25555,25555,25555,25555,25555,25555,25555,dec,032h,0,16,text,1,SSGSTH_openTLC,
1,SSGSTH_closeTLC_allDie,51111,51111,51111,51111,51111,51111,51111,51111,51111,51111,51111,51111,51111,51111,51111,51111,51111,51111,51111,51111,dec,034h,0,16,text,1,SSGSTH_closeTLC_allDie,
1,SSGSTH_openTLC_allDie,25555,25555,25555,25555,25555,25555,25555,25555,25555,25555,25555,25555,25555,25555,25555,25555,25555,25555,25555,25555,dec,036h,0,16,text,1,SSGSTH_openTLC_allDie,
1,RdCnt PerDie TH_closeTLC,3000,3000,3000,3000,3000,3000,3000,3000,3000,3000,3000,3000,3000,3000,3000,3000,3000,3000,3000,3000,dec,038h,0,16,text,1,RdCnt PerDie TH_closeTLC,
1,RdCnt PerDie TH_openTLC,1500,1500,1500,1500,1500,1500,1500,1500,1500,1500,1500,1500,1500,1500,1500,1500,1500,1500,1500,1500,dec,03Ah,0,16,text,1,RdCnt PerDie TH_openTLC,
1,RdCnt PerDie TH_closeSLC,10000,10000,10000,10000,10000,10000,10000,10000,10000,10000,10000,10000,10000,10000,10000,10000,10000,10000,10000,10000,dec,03Ch,0,16,text,1,RdCnt PerDie TH_closeSLC,
1,RdCnt PerDie TH_openSLC,2000,2000,2000,2000,2000,2000,2000,2000,2000,2000,2000,2000,2000,2000,2000,2000,2000,2000,2000,2000,dec,03Eh,0,16,text,1,RdCnt PerDie TH_openSLC,
1,Host Dram Cached data flush Idle time (ms),10,10,10,10,10,10,10,10,10,10,10,10,10,10,10,10,10,10,10,10,dec,046h,0,8,text,0,
1,Save Map Timeout Threshold(ms),30,30,30,30,30,30,30,30,30,30,30,30,30,30,30,30,30,30,30,30,dec,047h,0,8,text,0,
1,Retry Iteration,2,2,2,2,2,2,2,2,2,2,2,2,2,2,2,2,2,2,2,2,dec,04Eh,0,8,text,1,Retry Iteration,
1,TLC ReadBack Retry Iteration,1,1,1,1,1,1,1,1,1,1,1,1,1,1,1,1,1,1,1,1,dec,056h,0,8,text,1,TLC ReadBack Retry Iteration,
1,Read Scrub Threshold TLC,0,0,0,0,0,0,0,0,0,0,0,0,0,0,0,0,0,0,0,0,dec,059h,0,16,text,1,Read Scrub Threshold TLC,
1,Read Scrub Threshold SLC,0,0,0,0,0,0,0,0,0,0,0,0,0,0,0,0,0,0,0,0,dec,05Bh,0,16,text,1,Read Scrub Threshold SLC,
1,Retire PE (0 means GRTPE),0,0,0,0,0,0,0,0,0,0,0,0,0,0,0,0,0,0,0,0,dec,05Dh,0,16,text,1,Retire PE,
1,SLC Background Clean Start Percentage,20,20,20,20,20,20,20,20,20,20,20,20,20,20,20,20,20,20,20,20,dec,060h,0,16,text,1,As the sum of Empty and Spare  SLC blocks are less than this field. the system will check whether the system idle time is longer than the assigned threshold,
1,Host idle time for background work start (ms),50,50,50,50,50,50,50,50,50,50,50,50,50,50,50,50,50,50,50,50,dec,062h,0,16,text,1,As the system idle time is longer than this field under the circumstance that the sum of Empty and Spare  SLC blocks are less than the assigned threshold. the system will enter clean mode,
1,SLC Background Clean Stop Percentage,70,70,70,70,70,70,70,70,70,70,70,70,70,70,70,70,70,70,70,70,dec,064h,0,16,text,1,As the sum of Empty and Spare  SLC blocks are more than this field. the system will get ou of the clean mode,
1,CID String,SM2320AB CIDPAGE,SM2320AB CIDPAGE,SM2320AB CIDPAGE,SM2320AB CIDPAGE,SM2320AB CIDPAGE,SM2320AB CIDPAGE,SM2320AB CIDPAGE,SM2320AB CIDPAGE,SM2320AB CIDPAGE,SM2320AB CIDPAGE,SM2320AB CIDPAGE,SM2320AB CIDPAGE,SM2320AB CIDPAGE,SM2320AB CIDPAGE,SM2320AB CIDPAGE,SM2320AB CIDPAGE,SM2320AB CIDPAGE,SM2320AB CIDPAGE,SM2320AB CIDPAGE,SM2320AB CIDPAGE,str,070h,0,128,text,0,
Usb,72,200h,
1,Usb Vendor ID,090Ch,090Ch,090Ch,090Ch,090Ch,090Ch,090Ch,090Ch,090Ch,090Ch,090Ch,090Ch,090Ch,090Ch,090Ch,090Ch,090Ch,090Ch,090Ch,090Ch,hex,000h,0,16,text,1,Indicates the company vendor assigned by the PCI SIG. This field is related to ID.VID,
1,Product ID,2320h,2320h,2320h,2320h,2320h,2320h,2320h,2320h,2320h,2320h,2320h,2320h,2320h,2320h,2320h,2320h,2320h,2320h,2320h,2320h,hex,002h,0,16,text,1,Indicates the product number assigned by the vendor. This field is related to ID.PID,
1,UaspMaxPower,70h,70h,70h,70h,70h,70h,70h,70h,70h,70h,70h,70h,70h,70h,70h,70h,70h,70h,70h,70h,hex,004h,0,8,text,1,Indicates the UASP mode max current assigned by the vendor.,
1,BOT20MaxPower,FAh,FAh,FAh,FAh,FAh,FAh,FAh,FAh,FAh,FAh,FAh,FAh,FAh,FAh,FAh,FAh,FAh,FAh,FAh,FAh,hex,005h,0,8,text,1,Indicates the USB2.0 BOT mode max current assigned by the vendor.,
1,BOT30MaxPower,70h,70h,70h,70h,70h,70h,70h,70h,70h,70h,70h,70h,70h,70h,70h,70h,70h,70h,70h,70h,hex,006h,0,8,text,1,Indicates the USB3.0 BOT mode  max current assigned by the vendor.,
1,DiskType,00h,00h,00h,00h,00h,00h,00h,00h,00h,00h,00h,00h,00h,00h,00h,00h,00h,00h,00h,00h,hex,007h,0,8,drop,2,0h/Fix Type,80h/Remove Type,
1,FFU Core0 Option,0h,0h,0h,0h,0h,0h,0h,0h,0h,0h,0h,0h,0h,0h,0h,0h,0h,0h,0h,0h,hex,008h,0,8,drop,3,0h/Keep Source Bin,1h/TransFormat,2h/Use Target Bin,
1,FFU Core1 Option,2h,2h,2h,2h,2h,0h,0h,0h,0h,2h,0h,0h,0h,0h,0h,0h,2h,2h,2h,2h,hex,009h,0,8,drop,3,0h/Keep Source Bin,1h/TransFormat,2h/Use Target Bin,
1,FFU Core0 Reserved Option,0h,0h,0h,0h,0h,0h,0h,0h,0h,0h,0h,0h,0h,0h,0h,0h,0h,0h,0h,0h,hex,00Ah,0,8,drop,1,0h/Rerseced,
1,FFU Core1 Reserved Option,0h,0h,0h,0h,0h,0h,0h,0h,0h,0h,0h,0h,0h,0h,0h,0h,0h,0h,0h,0h,hex,00Bh,0,8,drop,1,0h/Rerseced,
1,U1U2U3Option.,3h,3h,3h,3h,3h,3h,3h,3h,3h,3h,3h,3h,3h,3h,3h,3h,3h,3h,3h,3h,hex,00Ch,0,8,drop,4,0h/All Disable,1h/Enable U1U2,2h/Enable U3,3h/All Enable,
1,SSCOption,0h,0h,0h,0h,0h,0h,0h,0h,0h,1h,0h,0h,0h,0h,0h,0h,0h,0h,0h,0h,hex,00Dh,0,8,drop,2,0h/Disable SSC,1h/Enable SSC,
1,U2SELOption,1h,1h,1h,1h,1h,1h,1h,1h,1h,1h,1h,1h,1h,1h,1h,1h,1h,1h,1h,1h,hex,00Eh,0,8,drop,2,0h/Not check U2 SEL,1h/Check U2 SEL,
1,Reserved for Future Use. Fill with 20h (Blanks),0h,0h,0h,0h,0h,0h,0h,0h,0h,0h,0h,0h,0h,0h,0h,0h,0h,0h,0h,0h,hex,00Fh,0,8,drop,1,20h/Rerseced,
1,UEFI OROM,1h,1h,1h,1h,1h,1h,1h,1h,1h,1h,1h,1h,1h,1h,1h,1h,1h,1h,1h,1h,hex,010h,0,1,check,2,0h/UEFI OROM Enabled,1h/UEFI OROM Disable,
1,PCIe Int Refclk select (Not support in PS),0h,0h,0h,0h,0h,0h,0h,0h,0h,0h,0h,0h,0h,0h,0h,0h,0h,0h,0h,0h,hex,010h,1,2,drop,4,0h/Ext Ref clk (from Host system),1h/Int Ref clk (int to drive / ASIC),2h/Auto detect enabled,3h/Auto detect enabled,
1,Spread Spectrum (Not support in PS),0h,0h,0h,0h,0h,0h,0h,0h,0h,0h,0h,0h,0h,0h,0h,0h,0h,0h,0h,0h,hex,010h,3,1,check,2,0h/Enable,1h/Disable,
1,Timer 0 (L1),1h,1h,1h,1h,1h,1h,1h,1h,1h,1h,1h,1h,1h,1h,1h,1h,1h,1h,1h,1h,hex,010h,4,1,check,2,1h/Enable,0h/Disable,
1,Timer 1 (L1.2),1h,1h,1h,1h,1h,1h,1h,1h,1h,1h,1h,1h,1h,1h,1h,1h,1h,1h,1h,1h,hex,010h,5,1,check,2,1h/Enable,0h/Disable,
1,Burst Option,0h,0h,0h,0h,0h,0h,0h,0h,0h,0h,0h,0h,0h,0h,0h,0h,0h,0h,0h,0h,hex,011h,0,8,drop,2,0h/Disable Burst Option,1h/Enable Burst Option,
1,Max_Payload_Size Supported,0h,0h,0h,0h,0h,0h,0h,0h,0h,0h,0h,0h,0h,0h,0h,0h,0h,0h,0h,0h,hex,012h,0,3,drop,3,0h/128 bytes max payload size,1h/256 bytes max payload size,2h/512 bytes max payload size,
1,Phantom Functions Supported,0h,0h,0h,0h,0h,0h,0h,0h,0h,0h,0h,0h,0h,0h,0h,0h,0h,0h,0h,0h,hex,012h,3,2,drop,4,0h/No Function Number bits are used for Phantom Functions.,1h/The most significant bit of the Function number in Requester ID is used for Phantom Functions,2h/The two most significant bits of Function Number in Requester ID are used for Phantom Functions,3h/All 3 bits of Function Number in Requester ID used for Phantom Functions,
1,Extended Tag Field Supported,0h,0h,0h,0h,0h,0h,0h,0h,0h,0h,0h,0h,0h,0h,0h,0h,0h,0h,0h,0h,hex,012h,5,1,drop,2,0h/5-bit Tag field supported,1h/8-bit Tag field supported,
1,Endpoint L0s Acceptable Latency,7h,7h,7h,7h,7h,7h,7h,7h,7h,7h,7h,7h,7h,7h,7h,7h,7h,7h,7h,7h,hex,012h,6,3,drop,8,0h/Maximum of 64 ns,1h/Maximum of 128 ns,2h/Maximum of 256 ns,3h/Maximum of 512 ns,4h/Maximum of 1 us,5h/Maximum of 2 us,6h/Maximum of 4 us,7h/No limit,
1,Endpoint L1 Acceptable Latency,7h,7h,7h,7h,7h,7h,7h,7h,7h,7h,7h,7h,7h,7h,7h,7h,7h,7h,7h,7h,hex,012h,9,3,drop,8,0h/Maximum of 1 us,1h/Maximum of 2 us,2h/Maximum of 4 us,3h/Maximum of 8 us,4h/Maximum of 16 us,5h/Maximum of 32 us,6h/Maximum of 64 us,7h/No limit,
1,Role-based Error Reporting,1h,1h,1h,1h,1h,1h,1h,1h,1h,1h,1h,1h,1h,1h,1h,1h,1h,1h,1h,1h,hex,012h,15,1,check,2,0h/Not Supported,1h/Supported,
1,Maximum Link Speed,4h,4h,4h,4h,4h,4h,4h,4h,4h,4h,4h,4h,4h,4h,4h,4h,4h,4h,4h,4h,hex,014h,0,4,drop,7,1h/Supported Link Speeds Vector field bit 0(gen1),2h/Supported Link Speeds Vector field bit 1(gen2),3h/Supported Link Speeds Vector field bit 2(gen3),4h/Supported Link Speeds Vector field bit 3(gen4),5h/Supported Link Speeds Vector field bit 4,6h/Supported Link Speeds Vector field bit 5,7h/Supported Link Speeds Vector field bit 6,
1,Maximum Link Width,4h,4h,4h,4h,4h,4h,4h,4h,4h,4h,4h,4h,4h,4h,4h,4h,4h,4h,4h,4h,hex,014h,4,6,drop,3,1h/x1,2h/x2,4h/x4,
1,Active State Power Management Support,2h,2h,2h,2h,2h,2h,2h,2h,2h,2h,2h,2h,2h,2h,2h,2h,2h,2h,2h,2h,hex,014h,10,2,drop,4,0h/No ASPM Support,1h/L0s Supported,2h/L1 Supported,3h/L0s and L1 Supported,
1,L0s Exit Latency,4h,4h,4h,4h,4h,4h,4h,4h,4h,4h,4h,4h,4h,4h,4h,4h,4h,4h,4h,4h,hex,014h,12,3,drop,8,0h/Less than 64 ns,1h/64 ns to less than 128 ns,2h/128 ns to less than 256 ns,3h/256 ns to less than 512 ns,4h/512 ns to less than 1 us,5h/1 us to less than 2 us,6h/2 us to less than 4 us,7h/More than 4 us,
1,L1 Exit Latency,3h,3h,3h,3h,3h,3h,3h,3h,3h,3h,3h,3h,3h,3h,3h,3h,3h,3h,3h,3h,hex,014h,15,3,drop,8,0h/Less than 1us,1h/1 us to less than 2 us,2h/2 us to less than 4 us,3h/4 us to less than 8 us,4h/8 us to less than 16 us,5h/16 us to less than 32 us,6h/32 us to less than 64 us,7h/More than 64 us,
1,Clock Power Management,1h,1h,1h,1h,1h,1h,1h,1h,1h,1h,1h,1h,1h,1h,1h,1h,1h,1h,1h,1h,hex,014h,18,1,drop,2,1h/the component tolerates the removal of any reference clock(s) via the clock request (CLKREQ#) mechanism when the Link is in the L1 and L2/L3 Ready Link states.,0h/the component does not have this capability and that reference clock(s) must not be removed in these Link states.,
1,Completion Timeout Ranges Supported,Fh,Fh,Fh,Fh,Fh,Fh,Fh,Fh,Fh,Fh,Fh,Fh,Fh,Fh,Fh,Fh,Fh,Fh,Fh,Fh,hex,018h,0,4,drop,8,0h/Completion Timeout programming not supported - the Function must implement a timeout value in the range 50 us to 50 ms.,1h/50us to 10ms,2h/10 ms to 250 ms,3h/50 us to 250 ms,6h/10 ms to 4 s,7h/50 us to 4s,eh/10 ms to 64s,fh/50 us to 64s,
1,Latency Tolerance Reporting Supported,1h,1h,1h,1h,1h,1h,1h,1h,1h,1h,1h,1h,1h,1h,1h,1h,1h,1h,1h,1h,hex,018h,11,1,drop,2,1h/support for the optional Latency Tolerance Reporting (LTR) mechanism.,0h/not support for the optional Latency Tolerance Reporting (LTR) mechanism.,
1,OBFF Supported (Not support in PS),0h,0h,0h,0h,0h,0h,0h,0h,0h,0h,0h,0h,0h,0h,0h,0h,0h,0h,0h,0h,hex,018h,18,2,drop,4,0h/Not Supported,1h/supported using Message signaling only,2h/supported using WAKE# signaling only,3h/supported using WAKE# and Message signaling,
1,MSI-X Table Size(Max is Fh),Fh,Fh,Fh,Fh,Fh,Fh,Fh,Fh,Fh,Fh,Fh,Fh,Fh,Fh,Fh,Fh,Fh,Fh,Fh,Fh,hex,01Ch,0,11,text,1,MSI-X Table Size N which is encoded as N-1.,
1,Supported Link Speeds Vector,Fh,Fh,Fh,Fh,Fh,Fh,Fh,Fh,Fh,Fh,Fh,Fh,Fh,Fh,Fh,Fh,Fh,Fh,Fh,Fh,hex,01Eh,1,7,drop,4,1h/GEN1,3h/GEN1 and GEN2,7h/GEN1 and GEN2 and GEN3,Fh/GEN1 and GEN2 and GEN3 and GEN4,
1,ECRC Generation Capable,1h,1h,1h,1h,1h,1h,1h,1h,1h,1h,1h,1h,1h,1h,1h,1h,1h,1h,1h,1h,hex,01Fh,5,1,check,2,1h/Enable ECRC Generation Capable,0h/Disable ECRC Generation Capable,
1,ECRC Check Capable,1h,1h,1h,1h,1h,1h,1h,1h,1h,1h,1h,1h,1h,1h,1h,1h,1h,1h,1h,1h,hex,01Fh,7,1,check,2,1h/Enable ECRC Check Capable,0h/Disable ECRC Check Capable,
1,ASPM L1.x on operation power state,1h,1h,1h,1h,1h,1h,1h,1h,1h,1h,1h,1h,1h,1h,1h,1h,1h,1h,1h,1h,hex,020h,0,1,check,2,1h/Enable,0h/Disable,
1,ASPM PM L1.2 Supported ,1h,1h,1h,1h,1h,1h,1h,1h,1h,1h,1h,1h,1h,1h,1h,1h,1h,1h,1h,1h,hex,020h,2,1,check,2,1h/Enable,0h/Disable,
1,ASPM PM L1.1 Supported ,1h,1h,1h,1h,1h,1h,1h,1h,1h,1h,1h,1h,1h,1h,1h,1h,1h,1h,1h,1h,hex,020h,3,1,check,2,1h/Enable,0h/Disable,
1,L1.2 LTR MSG TIMER0 (22~24 us/unit),BB8h,BB8h,BB8h,BB8h,BB8h,BB8h,BB8h,BB8h,BB8h,BB8h,BB8h,BB8h,BB8h,BB8h,BB8h,BB8h,BB8h,BB8h,BB8h,BB8h,hex,024h,0,16,text,0,
1,L0s Entrance Latency,6h,6h,6h,6h,6h,6h,6h,6h,6h,6h,6h,6h,6h,6h,6h,6h,6h,6h,6h,6h,hex,024h,24,3,drop,7,0h/1us,1h/2us,2h/3us,3h/4us,4h/5us,5h/6us,6h/7us,
1,L1 Entrance Latency,4h,4h,4h,4h,4h,4h,4h,4h,4h,4h,4h,4h,4h,4h,4h,4h,4h,4h,4h,4h,hex,024h,27,3,drop,7,0h/1us,1h/2us,2h/4us,3h/8us,4h/16us,5h/32us,6h/64us,
1,L1 LTR MSG TIMER (22~24 us/unit),0h,0h,0h,0h,0h,0h,0h,0h,0h,0h,0h,0h,0h,0h,0h,0h,0h,0h,0h,0h,hex,028h,0,16,text,0,
1,L1.2 LTR MSG TIMER1 (22~24 us/unit),0h,0h,0h,0h,0h,0h,0h,0h,0h,0h,0h,0h,0h,0h,0h,0h,0h,0h,0h,0h,hex,028h,16,15,text,0,
1,Select L1.2 LTR MSG TIMER,0h,0h,0h,0h,0h,0h,0h,0h,0h,0h,0h,0h,0h,0h,0h,0h,0h,0h,0h,0h,hex,028h,31,1,check,2,1h/L1.2 LTR MSG TIMER1,0h/L1.2 LTR MSG TIMER0,
1,ASIC PERST RC deglitch,0h,0h,0h,0h,0h,0h,0h,0h,0h,0h,0h,0h,0h,0h,0h,0h,0h,0h,0h,0h,hex,02Ch,0,1,drop,2,0h/IO pad (default),1h/RC filter output (filter < ~2us glitch) ,
1,Subsystem Vendor ID (SSVID),126Fh,126Fh,126Fh,126Fh,126Fh,126Fh,126Fh,126Fh,126Fh,126Fh,126Fh,126Fh,126Fh,126Fh,126Fh,126Fh,126Fh,126Fh,126Fh,126Fh,hex,030h,0,16,text,1,Indicates the sub-system vendor identifier,
1,Subsystem ID (SSID),2267h,2267h,2267h,2267h,2267h,2267h,2267h,2267h,2267h,2267h,2267h,2267h,2267h,2267h,2267h,2267h,2267h,2267h,2267h,2267h,hex,032h,0,16,text,1,Indicates the sub-system identifier.,
1,Captured Slot Power Limit Value,19h,19h,19h,19h,19h,19h,19h,19h,19h,19h,19h,19h,19h,19h,19h,19h,19h,19h,19h,19h,hex,034h,2,8,text,1,(null),
1,Captured Slot Power Limit Scale,0h,0h,0h,0h,0h,0h,0h,0h,0h,0h,0h,0h,0h,0h,0h,0h,0h,0h,0h,0h,hex,034h,10,2,drop,4,0h/1.0x,1h/0.1x,2h/0.01x,3h/0.001x,
1,Function Level Reset Capability,1h,1h,1h,1h,1h,1h,1h,1h,1h,1h,1h,1h,1h,1h,1h,1h,1h,1h,1h,1h,hex,034h,12,1,check,2,0h/Not Supported,1h/Supported,
1,T10 M. String (8B)-vendor control,smi,smi,smi,smi,smi,smi,smi,smi,smi,smi,smi,smi,smi,smi,smi,smi,smi,smi,smi,smi,str,03Dh,0,64,text,0,
1,T10 P. String (16B)-vendor control,SM2320XT USB,SM2320XT USB,SM2320XT USB,SM2320XT USB,SM2320XT USB,SM2320XT USB,SM2320XT USB,SM2320XT USB,SM2320XT USB,SM2320XT USB,SM2320XT USB,SM2320XT USB,SM2320XT USB,SM2320XT USB,SM2320XT USB,SM2320XT USB,SM2320XT USB,SM2320XT USB,SM2320XT USB,SM2320XT USB,str,045h,0,128,text,0,
1,P. Revision Field ,1000,1000,1000,1000,1000,1000,1000,1000,1000,1000,1000,1000,1000,1000,1000,1000,1000,1000,1000,1000,str,055h,0,32,text,0,
1,Device Revision,0100h,0100h,0100h,0100h,0100h,0100h,0100h,0100h,0100h,0100h,0100h,0100h,0100h,0100h,0100h,0100h,0100h,0100h,0100h,0100h,hex,059h,0,16,text,1,Indicates the device number assigned by the vendor. This field is related to ID.DID,
1,Enable Set Usb Mac by Interrupt,1h,1h,1h,1h,1h,01h,01h,01h,01h,01h,01h,01h,01h,01h,01h,01h,1h,1h,1h,1h,hex,05Ch,0,8,check,2,1h/Enable Interrupt,0h/Disable Interrupt,
1,Usb Mac Interrupt Timing,320h,320h,320h,320h,320h,320h,320h,320h,320h,320h,320h,320h,320h,320h,320h,320h,320h,320h,320h,320h,hex,05Dh,0,16,text,0,
1,Usb Pll Clock Lock timeout period,5h,5h,5h,5h,5h,5h,5h,5h,5h,5h,5h,5h,5h,5h,5h,5h,5h,5h,5h,5h,hex,05Fh,0,8,text,1,(null),
1,EnInquiryB1,0h,0h,0h,1h,1h,1h,1h,0h,0h,0h,0h,0h,0h,0h,0h,0h,0h,0h,0h,0h,hex,060h,0,1,text,1,(null),
1,Change link speed to USB3 Gen1 if received unexcepted U3 event,1h,1h,1h,1h,1h,1h,1h,1h,1h,1h,1h,1h,1h,1h,1h,1h,1h,1h,1h,1h,hex,061h,0,8,check,2,1h/Enable,0h/Disable,
1,Rev60,0h,0h,0h,0h,0h,0h,0h,0h,0h,0h,0h,0h,0h,0h,0h,0h,0h,0h,0h,0h,hex,062h,0,368,text,0,
1,uLLSEna,1h,1h,1h,1h,1h,1h,1h,1h,1h,1h,1h,1h,1h,1h,1h,1h,1h,1h,1h,1h,hex,090h,0,8,text,1,(null),
1,uLLSOpt,3h,3h,3h,3h,3h,3h,3h,3h,3h,3h,3h,3h,3h,3h,3h,3h,3h,3h,3h,3h,hex,091h,0,8,text,1,(null),
1,uLLSLimit,3h,3h,3h,3h,3h,3h,3h,3h,3h,3h,3h,3h,3h,3h,3h,3h,3h,3h,3h,3h,hex,092h,0,8,text,1,(null),
1,uLLSRsv,0h,0h,0h,0h,0h,0h,0h,0h,0h,0h,0h,0h,0h,0h,0h,0h,0h,0h,0h,0h,hex,093h,0,8,text,1,(null),
1,u16LLSActRwErrThold,0h,0h,0h,0h,0h,0h,0h,0h,0h,0h,0h,0h,0h,0h,0h,0h,0h,0h,0h,0h,hex,094h,0,16,text,1,(null),
1,u16LLSActRecyThold,60h,60h,60h,60h,60h,60h,60h,60h,60h,60h,60h,60h,60h,60h,60h,60h,60h,60h,60h,60h,hex,096h,0,16,text,1,(null),
1,u16LLSActRwErrIntvlTime,0h,0h,0h,0h,0h,0h,0h,0h,0h,0h,0h,0h,0h,0h,0h,0h,0h,0h,0h,0h,hex,098h,0,16,text,1,(null),
1,u16LLSActRecyIntvlTime,14h,14h,14h,14h,14h,14h,14h,14h,14h,14h,14h,14h,14h,14h,14h,14h,14h,14h,14h,14h,hex,09Ah,0,16,text,1,(null),
PHY A1,80,2C0h,
1,G3 SRIS/SRNS STEP,0dh,0dh,0dh,0dh,0dh,0dh,0dh,0dh,0dh,0dh,0dh,0dh,0dh,0dh,0dh,0dh,0dh,0dh,0dh,0dh,hex,000h,0,5,text,0,
1,G3 SRIS/SRNS SMIN,10h,10h,10h,10h,10h,10h,10h,10h,10h,10h,10h,10h,10h,10h,10h,10h,10h,10h,10h,10h,hex,001h,0,6,text,0,
1,G3 SRIS/SRNS SMAX,37h,37h,37h,37h,37h,37h,37h,37h,37h,37h,37h,37h,37h,37h,37h,37h,37h,37h,37h,37h,hex,002h,0,6,text,0,
1,G1/G2 SRIS/SRNS STEP,15h,15h,15h,15h,15h,15h,15h,15h,15h,15h,15h,15h,15h,15h,15h,15h,15h,15h,15h,15h,hex,003h,0,5,text,0,
1,G1/G2 SRIS/SRNS SMIN,10h,10h,10h,10h,10h,10h,10h,10h,10h,10h,10h,10h,10h,10h,10h,10h,10h,10h,10h,10h,hex,004h,0,6,text,0,
1,G1/G2 SRIS/SRNS SMAX,37h,37h,37h,37h,37h,37h,37h,37h,37h,37h,37h,37h,37h,37h,37h,37h,37h,37h,37h,37h,hex,005h,0,6,text,0,
1,G3 Normal TxSwing,17h,17h,17h,17h,17h,17h,17h,17h,17h,17h,17h,17h,17h,17h,17h,17h,17h,17h,17h,17h,hex,006h,0,5,text,0,
1,G2 Normal TxSwing,14h,14h,14h,14h,14h,14h,14h,14h,14h,14h,14h,14h,14h,14h,14h,14h,14h,14h,14h,14h,hex,007h,0,5,text,0,
1,G1 Normal TxSwing,14h,14h,14h,14h,14h,14h,14h,14h,14h,14h,14h,14h,14h,14h,14h,14h,14h,14h,14h,14h,hex,008h,0,5,text,0,
1,DEEMPH_MANUAL,0h,0h,0h,0h,0h,0h,0h,0h,0h,0h,0h,0h,0h,0h,0h,0h,0h,0h,0h,0h,hex,009h,4,1,check,2,1h/Enable,0h/Disable,
1,G3 DM0,0h,0h,0h,0h,0h,0h,0h,0h,0h,0h,0h,0h,0h,0h,0h,0h,0h,0h,0h,0h,hex,00Ah,0,4,text,0,
1,G3 DM1,4h,4h,4h,4h,4h,4h,4h,4h,4h,4h,4h,4h,4h,4h,4h,4h,4h,4h,4h,4h,hex,00Bh,0,5,text,0,
1,G3 DM2,0Eh,0Eh,0Eh,0Eh,0Eh,0Eh,0Eh,0Eh,0Eh,0Eh,0Eh,0Eh,0Eh,0Eh,0Eh,0Eh,0Eh,0Eh,0Eh,0Eh,hex,00Ch,0,5,text,0,
1,G2 DM0,0h,0h,0h,0h,0h,0h,0h,0h,0h,0h,0h,0h,0h,0h,0h,0h,0h,0h,0h,0h,hex,00Dh,0,4,text,0,
1,G2 DM1,0h,0h,0h,0h,0h,0h,0h,0h,0h,0h,0h,0h,0h,0h,0h,0h,0h,0h,0h,0h,hex,00Eh,0,5,text,0,
1,G2 DM2,14h,14h,14h,14h,14h,14h,14h,14h,14h,14h,14h,14h,14h,14h,14h,14h,14h,14h,14h,14h,hex,00Fh,0,5,text,0,
1,G1 DM0,0h,0h,0h,0h,0h,0h,0h,0h,0h,0h,0h,0h,0h,0h,0h,0h,0h,0h,0h,0h,hex,010h,0,4,text,0,
1,G1 DM1,0h,0h,0h,0h,0h,0h,0h,0h,0h,0h,0h,0h,0h,0h,0h,0h,0h,0h,0h,0h,hex,011h,0,5,text,0,
1,G1 DM2,Dh,Dh,Dh,Dh,Dh,Dh,Dh,Dh,Dh,Dh,Dh,Dh,Dh,Dh,Dh,Dh,Dh,Dh,Dh,Dh,hex,012h,0,5,text,0,
1,G3 KD,0h,0h,0h,0h,0h,0h,0h,0h,0h,0h,0h,0h,0h,0h,0h,0h,0h,0h,0h,0h,hex,013h,0,4,text,0,
1,G3 KP,6h,6h,6h,6h,6h,6h,6h,6h,6h,6h,6h,6h,6h,6h,6h,6h,6h,6h,6h,6h,hex,014h,0,8,text,0,
1,G3 KI,8h,8h,8h,8h,8h,8h,8h,8h,8h,8h,8h,8h,8h,8h,8h,8h,8h,8h,8h,8h,hex,015h,0,8,text,0,
1,G2 KD,2h,2h,2h,2h,2h,2h,2h,2h,2h,2h,2h,2h,2h,2h,2h,2h,2h,2h,2h,2h,hex,016h,0,4,text,0,
1,G2 KP,8h,8h,8h,8h,8h,8h,8h,8h,8h,8h,8h,8h,8h,8h,8h,8h,8h,8h,8h,8h,hex,017h,0,8,text,0,
1,G2 KI,10h,10h,10h,10h,10h,10h,10h,10h,10h,10h,10h,10h,10h,10h,10h,10h,10h,10h,10h,10h,hex,018h,0,8,text,0,
1,G1 KD,3h,3h,3h,3h,3h,3h,3h,3h,3h,3h,3h,3h,3h,3h,3h,3h,3h,3h,3h,3h,hex,019h,0,4,text,0,
1,G1 KP,Ch,Ch,Ch,Ch,Ch,Ch,Ch,Ch,Ch,Ch,Ch,Ch,Ch,Ch,Ch,Ch,Ch,Ch,Ch,Ch,hex,01Ah,0,8,text,0,
1,G1 KI,20h,20h,20h,20h,20h,20h,20h,20h,20h,20h,20h,20h,20h,20h,20h,20h,20h,20h,20h,20h,hex,01Bh,0,8,text,0,
1,Manual_Use_RX_COEF,0h,0h,0h,0h,0h,0h,0h,0h,0h,0h,0h,0h,0h,0h,0h,0h,0h,0h,0h,0h,hex,01Ch,0,5,text,0,
1,G3 EQR,6h,6h,6h,6h,6h,6h,6h,6h,6h,6h,6h,6h,6h,6h,6h,6h,6h,6h,6h,6h,hex,01Dh,0,5,text,0,
1,G3 EQC,Bh,Bh,Bh,Bh,Bh,Bh,Bh,Bh,Bh,Bh,Bh,Bh,Bh,Bh,Bh,Bh,Bh,Bh,Bh,Bh,hex,01Eh,0,4,text,0,
1,G3 TAP1,20h,20h,20h,20h,20h,20h,20h,20h,20h,20h,20h,20h,20h,20h,20h,20h,20h,20h,20h,20h,hex,01Fh,0,6,text,0,
1,G3 TAP2,10h,10h,10h,10h,10h,10h,10h,10h,10h,10h,10h,10h,10h,10h,10h,10h,10h,10h,10h,10h,hex,020h,0,5,text,0,
1,G3 TAP3,10h,10h,10h,10h,10h,10h,10h,10h,10h,10h,10h,10h,10h,10h,10h,10h,10h,10h,10h,10h,hex,021h,0,5,text,0,
1,G2 EQR,0h,0h,0h,0h,0h,0h,0h,0h,0h,0h,0h,0h,0h,0h,0h,0h,0h,0h,0h,0h,hex,022h,0,5,text,0,
1,G2 EQC,0Fh,0Fh,0Fh,0Fh,0Fh,0Fh,0Fh,0Fh,0Fh,0Fh,0Fh,0Fh,0Fh,0Fh,0Fh,0Fh,0Fh,0Fh,0Fh,0Fh,hex,023h,0,4,text,0,
1,G2 TAP1,20h,20h,20h,20h,20h,20h,20h,20h,20h,20h,20h,20h,20h,20h,20h,20h,20h,20h,20h,20h,hex,024h,0,6,text,0,
1,G2 TAP2,10h,10h,10h,10h,10h,10h,10h,10h,10h,10h,10h,10h,10h,10h,10h,10h,10h,10h,10h,10h,hex,025h,0,5,text,0,
1,G2 TAP3,10h,10h,10h,10h,10h,10h,10h,10h,10h,10h,10h,10h,10h,10h,10h,10h,10h,10h,10h,10h,hex,026h,0,5,text,0,
1,G1 EQR,0h,0h,0h,0h,0h,0h,0h,0h,0h,0h,0h,0h,0h,0h,0h,0h,0h,0h,0h,0h,hex,027h,0,5,text,0,
1,G1 EQC,0Fh,0Fh,0Fh,0Fh,0Fh,0Fh,0Fh,0Fh,0Fh,0Fh,0Fh,0Fh,0Fh,0Fh,0Fh,0Fh,0Fh,0Fh,0Fh,0Fh,hex,028h,0,4,text,0,
1,G1 TAP1,20h,20h,20h,20h,20h,20h,20h,20h,20h,20h,20h,20h,20h,20h,20h,20h,20h,20h,20h,20h,hex,029h,0,6,text,0,
1,G1 TAP2,10h,10h,10h,10h,10h,10h,10h,10h,10h,10h,10h,10h,10h,10h,10h,10h,10h,10h,10h,10h,hex,02Ah,0,5,text,0,
1,G1 TAP3,10h,10h,10h,10h,10h,10h,10h,10h,10h,10h,10h,10h,10h,10h,10h,10h,10h,10h,10h,10h,hex,02Bh,0,5,text,0,
1,Normal Mode MAX,01h,01h,01h,01h,01h,01h,01h,01h,01h,01h,01h,01h,01h,01h,01h,01h,01h,01h,01h,01h,hex,02Ch,0,4,text,0,
1,SRIS/SRNS MAX,0Bh,0Bh,0Bh,0Bh,0Bh,0Bh,0Bh,0Bh,0Bh,0Bh,0Bh,0Bh,0Bh,0Bh,0Bh,0Bh,0Bh,0Bh,0Bh,0Bh,hex,02Dh,0,4,text,0,
1,SQA_OFFSET,07h,07h,07h,07h,07h,07h,07h,07h,07h,07h,07h,07h,07h,07h,07h,07h,07h,07h,07h,07h,hex,02Eh,0,5,text,0,
1,PLL VVCO,08h,08h,08h,08h,08h,08h,08h,08h,08h,08h,08h,08h,08h,08h,08h,08h,08h,08h,08h,08h,hex,02Fh,0,4,text,0,
1,KD MANUAL_enable,0h,0h,0h,0h,0h,0h,0h,0h,0h,0h,0h,0h,0h,0h,0h,0h,0h,0h,0h,0h,hex,030h,0,1,check,2,1h/Enable,0h/Disable,
1,KD,0h,0h,0h,0h,0h,0h,0h,0h,0h,0h,0h,0h,0h,0h,0h,0h,0h,0h,0h,0h,hex,031h,0,4,text,0,
1,KP MANUAL_enable,0h,0h,0h,0h,0h,0h,0h,0h,0h,0h,0h,0h,0h,0h,0h,0h,0h,0h,0h,0h,hex,030h,1,1,check,2,1h/Enable,0h/Disable,
1,KP,Eh,Eh,Eh,Eh,Eh,Eh,Eh,Eh,Eh,Eh,Eh,Eh,Eh,Eh,Eh,Eh,Eh,Eh,Eh,Eh,hex,032h,0,8,text,0,
1,KP for G3 loopback,6h,6h,6h,6h,6h,6h,6h,6h,6h,6h,6h,6h,6h,6h,6h,6h,6h,6h,6h,6h,hex,033h,0,8,text,0,
1,KI MANUAL_enable,0h,0h,0h,0h,0h,0h,0h,0h,0h,0h,0h,0h,0h,0h,0h,0h,0h,0h,0h,0h,hex,030h,2,1,check,2,1h/Enable,0h/Disable,
1,KI,0h,0h,0h,0h,0h,0h,0h,0h,0h,0h,0h,0h,0h,0h,0h,0h,0h,0h,0h,0h,hex,034h,0,8,text,0,
1,MANUAL EQR_enable,0h,0h,0h,0h,0h,0h,0h,0h,0h,0h,0h,0h,0h,0h,0h,0h,0h,0h,0h,0h,hex,030h,3,1,check,2,1h/Enable,0h/Disable,
1,EQR,0h,0h,0h,0h,0h,0h,0h,0h,0h,0h,0h,0h,0h,0h,0h,0h,0h,0h,0h,0h,hex,035h,0,5,text,0,
1,MANUAL EQC_enable,0h,0h,0h,0h,0h,0h,0h,0h,0h,0h,0h,0h,0h,0h,0h,0h,0h,0h,0h,0h,hex,030h,4,1,check,2,1h/Enable,0h/Disable,
1,EQC,Ch,Ch,Ch,Ch,Ch,Ch,Ch,Ch,Ch,Ch,Ch,Ch,Ch,Ch,Ch,Ch,Ch,Ch,Ch,Ch,hex,036h,0,4,text,0,
1,MANUAL TAP1_enable,0h,0h,0h,0h,0h,0h,0h,0h,0h,0h,0h,0h,0h,0h,0h,0h,0h,0h,0h,0h,hex,030h,5,1,check,2,1h/Enable,0h/Disable,
1,TAP1,20h,20h,20h,20h,20h,20h,20h,20h,20h,20h,20h,20h,20h,20h,20h,20h,20h,20h,20h,20h,hex,037h,0,6,text,0,
1,MANUAL TAP2_enable,0h,0h,0h,0h,0h,0h,0h,0h,0h,0h,0h,0h,0h,0h,0h,0h,0h,0h,0h,0h,hex,030h,6,1,check,2,1h/Enable,0h/Disable,
1,TAP2,10h,10h,10h,10h,10h,10h,10h,10h,10h,10h,10h,10h,10h,10h,10h,10h,10h,10h,10h,10h,hex,038h,0,5,text,0,
1,MANUAL TAP3_enable,0h,0h,0h,0h,0h,0h,0h,0h,0h,0h,0h,0h,0h,0h,0h,0h,0h,0h,0h,0h,hex,030h,7,1,check,2,1h/Enable,0h/Disable,
1,TAP3,10h,10h,10h,10h,10h,10h,10h,10h,10h,10h,10h,10h,10h,10h,10h,10h,10h,10h,10h,10h,hex,039h,0,5,text,0,
1,PresetValueEQphase2_P0,0h,0h,0h,0h,0h,0h,0h,0h,0h,0h,0h,0h,0h,0h,0h,0h,0h,0h,0h,0h,hex,03Ah,0,1,check,2,1h/Enable,0h/Disable,
1,PresetValueEQphase2_P1,0h,0h,0h,0h,0h,0h,0h,0h,0h,0h,0h,0h,0h,0h,0h,0h,0h,0h,0h,0h,hex,03Ah,1,1,check,2,1h/Enable,0h/Disable,
1,PresetValueEQphase2_P2,0h,0h,0h,0h,0h,0h,0h,0h,0h,0h,0h,0h,0h,0h,0h,0h,0h,0h,0h,0h,hex,03Ah,2,1,check,2,1h/Enable,0h/Disable,
1,PresetValueEQphase2_P3,1h,1h,1h,1h,1h,1h,1h,1h,1h,1h,1h,1h,1h,1h,1h,1h,1h,1h,1h,1h,hex,03Ah,3,1,check,2,1h/Enable,0h/Disable,
1,PresetValueEQphase2_P4,1h,1h,1h,1h,1h,1h,1h,1h,1h,1h,1h,1h,1h,1h,1h,1h,1h,1h,1h,1h,hex,03Ah,4,1,check,2,1h/Enable,0h/Disable,
1,PresetValueEQphase2_P5,1h,1h,1h,1h,1h,1h,1h,1h,1h,1h,1h,1h,1h,1h,1h,1h,1h,1h,1h,1h,hex,03Ah,5,1,check,2,1h/Enable,0h/Disable,
1,PresetValueEQphase2_P6,0h,0h,0h,0h,0h,0h,0h,0h,0h,0h,0h,0h,0h,0h,0h,0h,0h,0h,0h,0h,hex,03Ah,6,1,check,2,1h/Enable,0h/Disable,
1,PresetValueEQphase2_P7,1h,1h,1h,1h,1h,1h,1h,1h,1h,1h,1h,1h,1h,1h,1h,1h,1h,1h,1h,1h,hex,03Ah,7,1,check,2,1h/Enable,0h/Disable,
1,PresetValueEQphase2_P8,1h,1h,1h,1h,1h,1h,1h,1h,1h,1h,1h,1h,1h,1h,1h,1h,1h,1h,1h,1h,hex,03Ah,8,1,check,2,1h/Enable,0h/Disable,
1,PresetValueEQphase2_P9,0h,0h,0h,0h,0h,0h,0h,0h,0h,0h,0h,0h,0h,0h,0h,0h,0h,0h,0h,0h,hex,03Ah,9,1,check,2,1h/Enable,0h/Disable,
1,PresetValueEQphase2_P10,0h,0h,0h,0h,0h,0h,0h,0h,0h,0h,0h,0h,0h,0h,0h,0h,0h,0h,0h,0h,hex,03Ah,10,1,check,2,1h/Enable,0h/Disable,
1,EarlyPCIeReset,1h,1h,1h,1h,1h,1h,1h,1h,1h,1h,1h,1h,1h,1h,1h,1h,1h,1h,1h,1h,hex,03Ah,15,1,check,2,1h/Enable,0h/Disable,
1,Hang Drive if PHY setting error,1h,1h,1h,1h,1h,1h,1h,1h,1h,1h,1h,1h,1h,1h,1h,1h,1h,1h,1h,1h,hex,03Ch,0,1,check,2,1h/Enable,0h/Disable,
1,delay between PHY reg access(CPU delay count),100,100,100,100,100,100,100,100,100,100,100,100,100,100,100,100,100,100,100,100,dec,03Dh,0,8,text,0,
1,L0s RX Off,0h,0h,0h,0h,0h,0h,0h,0h,0h,0h,0h,0h,0h,0h,0h,0h,0h,0h,0h,0h,hex,03Fh,0,1,check,2,1h/Enable,0h/Disable,
SEC,13,300h,
1,TCG,0h,0h,0h,0h,0h,0h,0h,0h,0h,0h,0h,0h,0h,0h,0h,0h,0h,0h,0h,0h,hex,000h,0,1,check,2,1h/Enable,0h/Disable,
1,IEEE1667,0h,0h,0h,0h,0h,0h,0h,0h,0h,0h,0h,0h,0h,0h,0h,0h,0h,0h,0h,0h,hex,000h,1,1,check,2,1h/Enable,0h/Disable,
1,Pyrite,0h,0h,0h,0h,0h,0h,0h,0h,0h,0h,0h,0h,0h,0h,0h,0h,0h,0h,0h,0h,hex,000h,2,1,check,2,1h/Enable,0h/Disable,
1,OpalLite,0h,0h,0h,0h,0h,0h,0h,0h,0h,0h,0h,0h,0h,0h,0h,0h,0h,0h,0h,0h,hex,000h,3,1,check,2,1h/Enable,0h/Disable,
1,AtaPassThrough,1h,1h,1h,1h,1h,1h,1h,1h,1h,1h,1h,1h,1h,1h,1h,1h,1h,1h,1h,1h,hex,000h,4,1,check,2,1h/Enable,0h/Disable,
1,AutoFreezeLock,0h,0h,0h,0h,0h,0h,0h,0h,0h,0h,0h,0h,0h,0h,0h,0h,0h,0h,0h,0h,hex,000h,7,1,check,2,1h/Enable,0h/Disable,
1,RPMB,0h,0h,0h,0h,0h,0h,0h,0h,0h,0h,0h,0h,0h,0h,0h,0h,0h,0h,0h,0h,hex,000h,8,1,check,2,1h/Enable,0h/Disable,
1,AES ,0h,0h,0h,0h,0h,0h,0h,0h,0h,0h,0h,0h,0h,0h,0h,0h,0h,0h,0h,0h,hex,004h,0,1,check,2,1h/Enable,0h/Disable,
1,HP Authentication,0h,0h,0h,0h,0h,0h,0h,0h,0h,0h,0h,0h,0h,0h,0h,0h,0h,0h,0h,0h,hex,005h,0,1,check,2,1h/Enable,0h/Disable,
1,uIsSecurityEnable,4,4,4,4,4,4,4,4,4,4,4,0,0,0,0,0,4,4,4,4,dec,006h,0,8,text,0,
1,uRsv0,4,4,4,4,4,4,4,4,4,4,4,4,4,4,4,4,4,4,4,4,dec,007h,0,8,text,0,
1,Enable ATA Password,1h,1h,1h,1h,1h,1h,1h,1h,1h,1h,1h,1h,1h,1h,1h,1h,1h,1h,1h,1h,hex,008h,0,1,check,2,1h/Enable,0h/Disable,
1,ATA Password,00000000000000000000000000000000000000002424242424244E4F4554494Ch,00000000000000000000000000000000000000002424242424244E4F4554494Ch,00000000000000000000000000000000000000002424242424244E4F4554494Ch,00000000000000000000000000000000000000002424242424244E4F4554494Ch,00000000000000000000000000000000000000002424242424244E4F4554494Ch,00000000000000000000000000000000000000002424242424244E4F4554494Ch,00000000000000000000000000000000000000002424242424244E4F4554494Ch,00000000000000000000000000000000000000002424242424244E4F4554494Ch,00000000000000000000000000000000000000002424242424244E4F4554494Ch,00000000000000000000000000000000000000002424242424244E4F4554494Ch,00000000000000000000000000000000000000002424242424244E4F4554494Ch,00000000000000000000000000000000000000002424242424244E4F4554494Ch,00000000000000000000000000000000000000002424242424244E4F4554494Ch,00000000000000000000000000000000000000002424242424244E4F4554494Ch,00000000000000000000000000000000000000002424242424244E4F4554494Ch,00000000000000000000000000000000000000002424242424244E4F4554494Ch,00000000000000000000000000000000000000002424242424244E4F4554494Ch,00000000000000000000000000000000000000002424242424244E4F4554494Ch,00000000000000000000000000000000000000002424242424244E4F4554494Ch,00000000000000000000000000000000000000002424242424244E4F4554494Ch,hex,060h,0,256,text,0,
GEN,64,380h,
1,Detect Swap TO,0h,0h,0h,0h,0h,0h,0h,0h,0h,0h,0h,0h,0h,0h,0h,0h,0h,0h,0h,0h,hex,000h,0,1,check,2,1h/Enable,0h/Disable,
1,CPU Clcok Sync Sys,0h,0h,0h,0h,0h,0h,0h,0h,0h,0h,0h,0h,0h,0h,0h,0h,0h,0h,0h,0h,hex,001h,0,1,check,2,1h/Enable,0h/Disable,
1,Clock Idle Div Num(Max: 32),1,1,1,1,1,1,1,1,1,1,1,1,1,1,1,1,1,1,1,1,dec,002h,0,8,text,0,
1,Idle div wait Tcycle Cnt (total 11-bit),0h,0h,0h,0h,0h,0h,0h,0h,0h,0h,0h,0h,0h,0h,0h,0h,0h,0h,0h,0h,hex,003h,0,16,text,0,
1,Bus Idle Mask,0h,0h,0h,0h,0h,0h,0h,0h,0h,0h,0h,0h,0h,0h,0h,0h,0h,0h,0h,0h,hex,005h,0,16,text,0,
1,Thermal throttle,1h,1h,1h,1h,1h,1h,1h,1h,1h,1h,1h,1h,1h,1h,1h,1h,1h,1h,1h,1h,hex,010h,0,1,check,2,1h/Enable,0h/Disable,
1,Idle Sleep,1h,1h,1h,1h,1h,1h,1h,1h,1h,1h,1h,1h,1h,1h,1h,1h,1h,1h,1h,1h,hex,010h,1,1,check,2,1h/Enable,0h/Disable,
1,Shutdown hang (auto disable when ShutDown - SysClk < 25MHz),0h,0h,0h,0h,0h,0h,0h,0h,0h,0h,0h,0h,0h,0h,0h,0h,0h,0h,0h,0h,hex,010h,2,1,check,2,1h/Enable,0h/Disable,
1,Keep Lightswitch setting,0h,0h,0h,0h,0h,0h,0h,0h,0h,0h,0h,0h,0h,0h,0h,0h,0h,0h,0h,0h,hex,010h,3,1,check,2,1h/Enable,0h/Disable,
1,Check ASIC Sensor 0,0h,0h,0h,0h,0h,0h,0h,0h,0h,0h,0h,0h,0h,0h,0h,0h,0h,0h,0h,0h,hex,011h,0,1,check,2,1h/Enable,0h/Disable,
1,Check ASIC Sensor 1,0h,0h,0h,0h,0h,0h,0h,0h,0h,0h,0h,0h,0h,0h,0h,0h,0h,0h,0h,0h,hex,011h,1,1,check,2,1h/Enable,0h/Disable,
1,Check External Sensor,1h,1h,1h,1h,1h,1h,1h,1h,1h,1h,1h,1h,1h,1h,1h,1h,1h,1h,1h,1h,hex,011h,2,1,check,2,1h/Enable,0h/Disable,
1,Check Nand Sensor,0h,0h,0h,0h,0h,1h,1h,1h,1h,0h,0h,0h,0h,0h,0h,0h,0h,0h,0h,0h,hex,011h,3,1,check,2,1h/Enable,0h/Disable,
1,Select Normalization Calculation(AlwaysOn),0h,0h,0h,0h,0h,0h,0h,0h,0h,0h,0h,0h,0h,0h,0h,0h,0h,0h,0h,0h,hex,011h,4,1,check,2,1h/Enable,0h/Disable,
1,Normalize Sensor Select,0h,0h,0h,0h,0h,0h,0h,0h,0h,0h,0h,0h,0h,0h,0h,0h,0h,0h,0h,0h,hex,011h,5,2,drop,4,0h/ASIC Sensor,1h/ASIC Sensor 2,2h/External Sensor,3h/NAND Sensor,
1,MtShutDown,105,105,105,105,105,105,105,105,105,105,105,105,105,105,105,105,105,105,105,105,dec,012h,0,8,text,0,
1,Light Throttle temperature in degree C (MT1),81,65,65,81,81,81,81,81,81,81,81,81,81,81,81,81,81,81,81,81,dec,013h,0,8,text,0,
1,Mt1Exit Delta,7,7,7,7,7,7,7,7,7,7,7,7,7,7,7,7,7,7,7,7,dec,014h,0,8,text,0,
1,Heavy Throttle temperature in degree C (MT2),83,67,67,83,83,83,83,83,83,83,83,83,83,83,83,83,83,83,83,83,dec,015h,0,8,text,0,
1,Exit MT2 Delta,7,7,7,7,7,7,7,7,7,7,7,7,7,7,7,7,7,7,7,7,dec,016h,0,8,text,0,
1,Heavy Throttle temperature in degree C  (MT3),85,69,69,85,85,85,85,85,85,85,85,85,85,85,85,85,85,85,85,85,dec,017h,0,8,text,0,
1,Exit MT3 Delta,7,7,7,7,7,7,7,7,7,7,7,7,7,7,7,7,7,7,7,7,dec,018h,0,8,text,0,
1,Temp sensor polling time,1,1,1,1,1,1,1,1,1,1,1,1,1,1,1,1,1,1,1,1,dec,019h,0,8,drop,11,0/Disable,1/1sec,2/2sec,3/3sec,4/4sec,5/5sec,10/10sec,15/15sec,20/20sec,25/25sec,30/30sec,
1,ASIC Trim Value,0,0,0,0,0,0,0,0,0,0,0,0,0,0,0,0,0,0,0,0,dec,01Ch,0,8,text,0,
1,Max Thermal Log in Idle(avoid to flush log space),5,5,5,5,5,5,5,5,5,5,5,5,5,5,5,5,5,5,5,5,dec,01Dh,0,8,drop,11,0/No Limit,1/1 log,2/2 log,3/3 log,4/4 log,5/5 log,10/10 log,15/15 log,20/20 log,25/25 log,30/30 log,
1,Sleep Idle Threshold (from 0 to 255 ms),5,5,5,5,5,5,5,5,5,5,5,5,5,5,5,5,5,5,5,5,dec,01Eh,0,8,text,0,
1,MT1 - ActiveTime,80,80,80,80,80,80,80,80,80,80,80,80,80,80,80,80,80,80,80,80,dec,020h,0,8,text,0,
1,MT1 - SleepTime,20,20,20,20,20,20,20,20,20,20,20,20,20,20,20,20,20,20,20,20,dec,021h,0,8,text,0,
1,MT2 - ActiveTime,50,50,50,50,50,50,50,50,50,50,50,50,50,50,50,50,50,50,50,50,dec,022h,0,8,text,0,
1,MT2 - SleepTime,50,50,50,50,50,50,50,50,50,50,50,50,50,50,50,50,50,50,50,50,dec,023h,0,8,text,0,
1,MT3 - ActiveTime,20,20,20,20,20,20,20,20,20,20,20,20,20,20,20,20,20,20,20,20,dec,024h,0,8,text,0,
1,MT3 - SleepTime,80,80,80,80,80,80,80,80,80,80,80,80,80,80,80,80,80,80,80,80,dec,025h,0,8,text,0,
1,MTShutDown - ActiveTime,1,1,1,1,1,1,1,1,1,1,1,1,1,1,1,1,1,1,1,1,dec,026h,0,8,text,0,
1,MTShutDown - SleepTime,99,99,99,99,99,99,99,99,99,99,99,99,99,99,99,99,99,99,99,99,dec,027h,0,8,text,0,
1,PS1 - SysClk,400,400,400,400,400,400,400,400,400,400,400,400,400,400,400,400,400,400,400,400,dec,028h,0,16,drop,10,650/650Mhz,625/625Mhz,600/600Mhz,575/575Mhz,400/400Mhz,325/325Mhz,250/250Mhz,100/100Mhz,50/50Mhz,25/25Mhz,
1,PS1 - LDPCClk,200,200,200,200,200,200,200,200,200,200,200,200,200,200,200,200,200,200,200,200,dec,02Ah,0,16,drop,11,400/400Mhz,325/325Mhz,266/266Mhz,200/200Mhz,166/166Mhz,133/133Mhz,100/100Mhz,83/83Mhz,66/66Mhz,40/40Mhz,33/33Mhz,
1,PS1 - FlashClk,200,200,200,200,200,200,200,200,200,200,200,200,200,200,200,200,200,200,200,200,dec,02Ch,0,16,drop,11,400/400Mhz,325/325Mhz,266/266Mhz,200/200Mhz,166/166Mhz,133/133Mhz,100/100Mhz,83/83Mhz,66/66Mhz,40/40Mhz,33/33Mhz,
1,PS2 - SysClk,250,250,250,250,250,250,250,250,250,250,250,250,250,250,250,250,250,250,250,250,dec,030h,0,16,drop,10,650/650Mhz,625/625Mhz,600/600Mhz,575/575Mhz,400/400Mhz,325/325Mhz,250/250Mhz,100/100Mhz,50/50Mhz,25/25Mhz,
1,PS2 - LDPCClk,100,100,100,100,100,100,100,100,100,100,100,100,100,100,100,100,100,100,100,100,dec,032h,0,16,drop,11,400/400Mhz,325/325Mhz,266/266Mhz,200/200Mhz,166/166Mhz,133/133Mhz,100/100Mhz,83/83Mhz,66/66Mhz,40/40Mhz,33/33Mhz,
1,PS2 - FlashClk,100,100,100,100,100,100,100,100,100,100,100,100,100,100,100,100,100,100,100,100,dec,034h,0,16,drop,11,400/400Mhz,325/325Mhz,266/266Mhz,200/200Mhz,166/166Mhz,133/133Mhz,100/100Mhz,83/83Mhz,66/66Mhz,40/40Mhz,33/33Mhz,
1,ShutDown - SysClk,100,100,100,100,100,100,100,100,100,100,100,100,100,100,100,100,100,100,100,100,dec,038h,0,16,drop,7,575/575Mhz,400/400Mhz,325/325Mhz,250/250Mhz,100/100Mhz,50/50Mhz,25/25Mhz,
1,ShutDown - LDPCClk,66,66,66,66,66,66,66,66,66,66,66,66,66,66,66,66,66,66,66,66,dec,03Ah,0,16,drop,11,400/400Mhz,325/325Mhz,266/266Mhz,200/200Mhz,166/166Mhz,133/133Mhz,100/100Mhz,83/83Mhz,66/66Mhz,40/40Mhz,33/33Mhz,
1,ShutDown - FlashClk,66,66,66,66,66,66,66,66,66,66,66,66,66,66,66,66,66,66,66,66,dec,03Ch,0,16,drop,11,400/400Mhz,325/325Mhz,266/266Mhz,200/200Mhz,166/166Mhz,133/133Mhz,100/100Mhz,83/83Mhz,66/66Mhz,40/40Mhz,33/33Mhz,
1,Normalization A1 Shitf bits,20,20,20,20,20,20,20,20,20,20,20,20,20,20,20,20,20,20,20,20,dec,040h,0,8,text,0,
1,Normalization A1 Theta Jc,12,12,12,12,12,12,12,12,12,12,12,12,12,12,12,12,12,12,12,12,dec,041h,0,8,text,0,
1,Normalization A2 Shitf bits,19,19,19,19,19,19,19,19,19,19,19,19,19,19,19,19,19,19,19,19,dec,042h,0,8,text,0,
1,Normalization A2 Theta Jc,11,11,11,11,11,11,11,11,11,11,11,11,11,11,11,11,11,11,11,11,dec,043h,0,8,text,0,
1,Normalization A3 Shitf bits,18,18,18,18,18,18,18,18,18,18,18,18,18,18,18,18,18,18,18,18,dec,044h,0,8,text,0,
1,Normalization A3 Theta Jc,10,10,10,10,10,10,10,10,10,10,10,10,10,10,10,10,10,10,10,10,dec,045h,0,8,text,0,
1,Normalization A4 Shitf bits,17,17,17,17,17,17,17,17,17,17,17,17,17,17,17,17,17,17,17,17,dec,046h,0,8,text,0,
1,Normalization A4 Theta Jc,6,6,6,6,6,6,6,6,6,6,6,6,6,6,6,6,6,6,6,6,dec,047h,0,8,text,0,
1,Normalization A5 Shitf bits,16,16,16,16,16,16,16,16,16,16,16,16,16,16,16,16,16,16,16,16,dec,048h,0,8,text,0,
1,Normalization A5 Theta Jc,4,4,4,4,4,4,4,4,4,4,4,4,4,4,4,4,4,4,4,4,dec,049h,0,8,text,0,
1,Normalization A6 Shitf bits,0,0,0,0,0,0,0,0,0,0,0,0,0,0,0,0,0,0,0,0,dec,04Ah,0,8,text,0,
1,Normalization A6 Theta Jc,2,2,2,2,2,2,2,2,2,2,2,2,2,2,2,2,2,2,2,2,dec,04Bh,0,8,text,0,
1,gMT2WriteDelayCnt,1000,1000,1000,1000,1000,1000,1000,1000,1000,1000,1000,1000,1000,1000,1000,1000,1000,1000,1000,1000,dec,052h,0,16,text,0,
1,gMT2ReadDelayCnt,900,900,900,900,900,900,900,900,900,900,900,900,900,900,900,900,900,900,900,900,dec,054h,0,16,text,0,
1,Feature F1,0h,0h,0h,0h,0h,0h,0h,0h,0h,0h,0h,0h,0h,0h,0h,0h,0h,0h,0h,0h,hex,056h,0,8,check,2,1h/Enable,0h/Disable,
1,Offset Thermal Value Sign,1h,1h,1h,1h,1h,1h,1h,1h,1h,1h,1h,1h,1h,1h,1h,1h,1h,1h,1h,1h,hex,057h,7,1,drop,2,1h/+,0h/-,
1,Offset Thermal Value(-127~+127),0,0,0,0,0,0,0,0,0,0,0,0,0,0,0,0,0,0,0,0,dec,057h,0,7,text,0,
1,Time delay us between die erase (us),260,260,260,260,260,260,260,260,260,260,260,260,260,260,260,260,260,260,260,260,dec,058h,0,16,text,0,
1,Staggered erase enable die num TH,32,32,32,32,32,32,32,32,32,32,32,32,32,32,32,32,32,32,32,32,dec,05Ah,0,8,text,0,
1,ASIC Trim Code85,373,373,373,373,373,373,373,373,373,373,373,373,373,373,373,373,373,373,373,373,dec,05Ch,0,16,text,0,
1,ASIC Trim Code30,220,220,220,220,220,220,220,220,220,220,220,220,220,220,220,220,220,220,220,220,dec,05Eh,0,16,text,0,
Algo,12,3E0h,
1,Max Latency for clean,60,60,60,60,60,60,60,60,60,60,60,60,60,60,60,60,60,60,60,60,dec,000h,0,8,text,0,
1,Shutdown time out sec (0=disable),0,0,0,0,0,0,0,0,0,0,0,0,0,0,0,0,0,0,0,0,dec,001h,0,8,text,0,
1,Max clean source count (32~250),32,32,32,32,32,32,32,32,32,32,32,32,32,32,32,32,32,32,32,32,dec,002h,0,8,text,0,
1,Number of command before build group(0 will behave like PS),0,0,0,0,0,0,0,0,0,0,0,0,0,0,0,0,0,0,0,0,dec,003h,0,8,text,0,
1,BG-Trim:MBPerEntry(MB)(0 means disable),1,1,1,1,1,1,1,1,1,1,1,1,1,1,1,1,1,1,1,1,dec,004h,0,32,text,0,
1,BG-Trim:Trim Cmd TimeOutTH(ms),4000,4000,4000,4000,4000,4000,4000,4000,4000,4000,4000,4000,4000,4000,4000,4000,4000,4000,4000,4000,dec,008h,0,32,text,0,
1,BG-Trim:Idle Trim TimeOutTH(ms),100,100,100,100,100,100,100,100,100,100,100,100,100,100,100,100,100,100,100,100,dec,00Ch,0,32,text,0,
1,Program Feature,0,0,0,0,0,0,0,0,0,0,0,0,0,0,0,0,0,0,0,0,dec,010h,0,8,text,0,
1,GC:Slc percent of Capacity for early enter GC,30,20,25,30,20,30,30,30,30,30,30,30,30,30,10,3,30,30,30,30,dec,011h,0,8,text,0,
1,GC:avg valid data percent in slc block for early enter Gc,90,90,90,90,90,90,90,90,90,90,90,90,90,90,90,90,90,90,90,90,dec,012h,0,8,text,0,
1,GC: release Slc src blk cnt forenter Gc,0,0,0,0,0,0,0,1,1,1,1,1,1,1,1,1,0,0,0,0,dec,013h,0,8,text,0,
1,GC: release Tlc src blk cnt forenter Gc,0,0,0,0,0,0,0,1,1,1,1,1,1,1,1,1,0,0,0,0,dec,014h,0,8,text,0,
SMART,11,400h,
1,OEM7 - Re-Assigned Sector Count Threshold,50,50,50,50,50,50,50,50,50,50,50,50,50,50,50,50,50,50,50,50,dec,000h,0,8,text,0,
1,OEM7 - Program Fail Count (SSD Total) Threshold,90,90,90,90,90,90,90,90,90,90,90,90,90,90,90,90,90,90,90,90,dec,001h,0,8,text,0,
1,OEM7 - Erase Fail Count (SSD Total) Threshold,90,90,90,90,90,90,90,90,90,90,90,90,90,90,90,90,90,90,90,90,dec,002h,0,8,text,0,
1,OEM7 - Wear Leveling Count Threshold,100,100,100,100,100,100,100,100,100,100,100,100,100,100,100,100,100,100,100,100,dec,003h,0,8,text,0,
1,OEM7 - Used Reserved Block Count (SSD Total) Threshold,50,50,50,50,50,50,50,50,50,50,50,50,50,50,50,50,50,50,50,50,dec,004h,0,8,text,0,
1,NVMe - Avaliable Spare TH (0~100),10,10,10,10,10,10,10,10,10,10,10,10,10,10,10,10,10,10,10,10,dec,010h,0,8,text,0,
1,SMART Warning/AER - avaliable spare ,1h,1h,1h,1h,1h,1h,1h,1h,1h,1h,1h,1h,1h,1h,1h,1h,1h,1h,1h,1h,hex,011h,0,1,check,2,1h/Enable,0h/Disable,
1,SMART Warning/AER - temperature,1h,1h,1h,1h,1h,1h,1h,1h,1h,1h,1h,1h,1h,1h,1h,1h,1h,1h,1h,1h,hex,011h,1,1,check,2,1h/Enable,0h/Disable,
1,SMART Warning/AER - reliability,1h,1h,1h,1h,1h,1h,1h,1h,1h,1h,1h,1h,1h,1h,1h,1h,1h,1h,1h,1h,hex,011h,2,1,check,2,1h/Enable,0h/Disable,
1,SMART Warning/AER - read only,1h,1h,1h,1h,1h,1h,1h,1h,1h,1h,1h,1h,1h,1h,1h,1h,1h,1h,1h,1h,hex,011h,3,1,check,2,1h/Enable,0h/Disable,
1,SMART Warning/AER - volatile memory fail,1h,1h,1h,1h,1h,1h,1h,1h,1h,1h,1h,1h,1h,1h,1h,1h,1h,1h,1h,1h,hex,011h,4,1,check,2,1h/Enable,0h/Disable,
Selftest,12,480h,
1,RDT Hour(unit is 2 hour),0,0,0,0,0,0,0,0,0,0,0,0,0,0,0,0,0,0,0,0,dec,000h,0,8,text,0,
1,RDT Temp. TH,0,0,0,0,0,0,0,0,0,0,0,0,0,0,0,0,0,0,0,0,dec,001h,0,8,text,0,
1,RDT Loop,10,10,10,10,10,10,10,10,10,10,10,10,10,10,10,10,10,10,10,10,dec,002h,0,8,text,0,
1,gRDTErrCntTH,FFFFh,FFFFh,FFFFh,FFFFh,FFFFh,FFFFh,FFFFh,FFFFh,FFFFh,FFFFh,FFFFh,FFFFh,FFFFh,FFFFh,FFFFh,FFFFh,FFFFh,FFFFh,FFFFh,FFFFh,hex,003h,0,16,text,0,
1,gRDTECCFailCntTH,0,0,0,0,0,0,0,0,0,0,0,0,0,0,0,0,0,0,0,0,dec,005h,0,8,text,0,
1,gRDTEraseFailCntTH,0,0,0,0,0,0,0,0,0,0,0,0,0,0,0,0,0,0,0,0,dec,006h,0,8,text,0,
1,gRDTProgFailCntTH,0,0,0,0,0,0,0,0,0,0,0,0,0,0,0,0,0,0,0,0,dec,007h,0,8,text,0,
1,RDTReadRetry,1h,1h,1h,1h,1h,1h,1h,1h,1h,1h,1h,1h,1h,1h,1h,1h,1h,1h,1h,1h,hex,008h,0,1,check,2,1h/Enable,0h/Disable,
1,ChkUPageReadBackCorrEcc,0h,0h,0h,0h,0h,0h,0h,0h,0h,0h,0h,0h,0h,0h,0h,0h,0h,0h,0h,0h,hex,009h,0,1,check,2,1h/Enable,0h/Disable,
1,Test Strategy,1h,1h,1h,1h,1h,1h,1h,1h,1h,1h,1h,1h,1h,1h,1h,1h,1h,1h,1h,1h,hex,00Ah,0,1,check,2,1h/New BI Flow,0h/normal Flow,
1,Test DelayTime,300,300,300,300,300,300,300,300,300,300,300,300,300,300,300,300,300,300,300,300,dec,00Bh,0,16,text,0,
1,ExtraProgramTest,0h,0h,0h,0h,0h,0h,0h,0h,0h,0h,0h,0h,0h,0h,0h,0h,0h,0h,0h,0h,hex,00Dh,0,8,check,2,1h/Enable,0h/Disable,
VUID,6,4C0h,
1,ePPID,32ByteStr,32ByteStr,32ByteStr,32ByteStr,32ByteStr,32ByteStr,32ByteStr,32ByteStr,32ByteStr,32ByteStr,32ByteStr,32ByteStr,32ByteStr,32ByteStr,32ByteStr,32ByteStr,32ByteStr,32ByteStr,32ByteStr,32ByteStr,str,000h,0,256,text,0,
1,Nominal Form Factor,2h,2h,2h,2h,2h,2h,2h,2h,2h,2h,2h,2h,2h,2h,2h,2h,2h,2h,2h,2h,hex,020h,0,4,drop,4,0h/Nominal form factor not reported,1h/2.5 inch nominal form factor,2h/M.2,3h/HHHL,
1,Intel Pro feature identifier - Enhanced Digital fence,0h,0h,0h,0h,0h,0h,0h,0h,0h,0h,0h,0h,0h,0h,0h,0h,0h,0h,0h,0h,hex,024h,0,1,check,2,1h/Enable,0h/Disable,
1,Intel Pro feature identifier - Remote Secure Erase,0h,0h,0h,0h,0h,0h,0h,0h,0h,0h,0h,0h,0h,0h,0h,0h,0h,0h,0h,0h,hex,024h,1,1,check,2,1h/Enable,0h/Disable,
1,World Wide Number,8ByteStr,8ByteStr,8ByteStr,8ByteStr,8ByteStr,8ByteStr,8ByteStr,8ByteStr,8ByteStr,8ByteStr,8ByteStr,8ByteStr,8ByteStr,8ByteStr,8ByteStr,8ByteStr,8ByteStr,8ByteStr,8ByteStr,8ByteStr,str,026h,0,64,text,0,
1,OEM ID,0h,0h,0h,0h,0h,0h,0h,0h,0h,0h,0h,0h,0h,0h,0h,0h,0h,0h,0h,0h,hex,02Eh,0,8,drop,6,0h/Intel,1h/Channel,2h/OEM-2,3h/OEM-3,7h/OEM-7,10h/OEM-SIP,
VDT,8,500h,
1,VDT18 (DRAM),0h,0h,0h,0h,0h,0h,0h,0h,0h,0h,0h,0h,0h,0h,0h,0h,0h,0h,0h,0h,hex,000h,0,1,check,2,1h/Enable,0h/Disable,
1,VDT27(Fsh2)&23(Fsh1),1h,1h,1h,1h,1h,1h,1h,1h,1h,1h,1h,1h,1h,1h,1h,1h,1h,1h,1h,1h,hex,000h,2,1,check,2,1h/Enable,0h/Disable,
1,VDT12 (FIO),1h,1h,1h,1h,1h,1h,1h,1h,1h,1h,1h,1h,1h,1h,1h,1h,1h,1h,1h,1h,hex,000h,3,1,check,2,1h/Enable,0h/Disable,
1,VDTBrownOut,0h,0h,0h,0h,0h,0h,0h,0h,0h,0h,0h,0h,0h,0h,0h,0h,0h,0h,0h,0h,hex,000h,4,1,check,2,1h/Enable,0h/Disable,
1,VDT27(Fsh2) Level,Bh,Bh,Bh,Bh,Bh,Bh,8h,Bh,Bh,Bh,Bh,Bh,Bh,Bh,Bh,Bh,Bh,Bh,8h,Bh,hex,001h,0,8,drop,16,0h/VRR=1.50/VFR=1.40 ,1h/VRR=1.60/VFR=1.50 ,2h/VRR=1.70/VFR=1.60 ,3h/VRR=1.80/VFR=1.70 ,4h/VRR=1.90/VFR=1.80 ,5h/VRR=2.00/VFR=1.90 ,6h/VRR=2.10/VFR=2.00 ,7h/VRR=2.20/VFR=2.10 ,8h/VRR=2.30/VFR=2.20 ,9h/VRR=2.40/VFR=2.30 ,Ah/VRR=2.50/VFR=2.40 ,Bh/VRR=2.60/VFR=2.50 ,Ch/VRR=2.70/VFR=2.60 ,Dh/VRR=2.80/VFR=2.70 ,Eh/VRR=2.90/VFR=2.80 ,Fh/VRR=3.00/VFR=2.90 ,
1,VDT23(Fsh1) Level,9h,9h,9h,9h,9h,9h,7h,9h,9h,9h,9h,9h,9h,9h,9h,9h,9h,9h,7h,9h,hex,002h,0,8,drop,16,0h/VRR=1.50/VFR=1.40 ,1h/VRR=1.60/VFR=1.50 ,2h/VRR=1.70/VFR=1.60 ,3h/VRR=1.80/VFR=1.70 ,4h/VRR=1.90/VFR=1.80 ,5h/VRR=2.00/VFR=1.90 ,6h/VRR=2.10/VFR=2.00 ,7h/VRR=2.20/VFR=2.10 ,8h/VRR=2.30/VFR=2.20 ,9h/VRR=2.40/VFR=2.30 ,Ah/VRR=2.50/VFR=2.40 ,Bh/VRR=2.60/VFR=2.50 ,Ch/VRR=2.70/VFR=2.60 ,Dh/VRR=2.80/VFR=2.70 ,Eh/VRR=2.90/VFR=2.80 ,Fh/VRR=3.00/VFR=2.90 ,
1,VDT18(DRAM) Level,2h,2h,2h,2h,2h,2h,2h,2h,2h,2h,2h,2h,2h,2h,2h,2h,2h,2h,2h,2h,hex,003h,0,8,drop,16,0h/VRR=0.90/VFR=0.85 ,1h/VRR=0.95/VFR=0.90 ,2h/VRR=1.00/VFR=0.95 ,3h/VRR=1.05/VFR=1.00 ,4h/VRR=1.10/VFR=1.05 ,5h/VRR=1.15/VFR=1.10 ,6h/VRR=1.20/VFR=1.15 ,7h/VRR=1.25/VFR=1.20 ,8h/VRR=1.30/VFR=1.25 ,9h/VRR=1.35/VFR=1.30 ,Ah/VRR=1.40/VFR=1.35 ,Bh/VRR=1.45/VFR=1.40 ,Ch/VRR=1.50/VFR=1.45 ,Dh/VRR=1.55/VFR=1.50 ,Eh/VRR=1.60/VFR=1.55 ,Fh/VRR=1.65/VFR=1.60 ,
1,VDT12(FIO) Level,2h,2h,2h,2h,2h,2h,2h,2h,2h,2h,2h,2h,2h,2h,2h,2h,2h,2h,2h,2h,hex,004h,0,8,drop,16,0h/VRR=1.00/VFR=0.95 ,1h/VRR=1.05/VFR=1.00 ,2h/VRR=1.10/VFR=1.05 ,3h/VRR=1.15/VFR=1.10 ,4h/VRR=1.20/VFR=1.15 ,5h/VRR=1.25/VFR=1.20 ,6h/VRR=1.30/VFR=1.25 ,7h/VRR=1.35/VFR=1.30 ,8h/VRR=1.40/VFR=1.35 ,9h/VRR=1.45/VFR=1.40 ,Ah/VRR=1.50/VFR=1.45 ,Bh/VRR=1.55/VFR=1.50 ,Ch/VRR=1.60/VFR=1.55 ,Dh/VRR=1.65/VFR=1.60 ,Eh/VRR=1.70/VFR=1.65 ,Fh/VRR=1.75/VFR=1.70 ,
OEM3,41,510h,
1,Capital Case Characters,LEN,LEN,LEN,LEN,LEN,LEN,LEN,LEN,LEN,LEN,LEN,LEN,LEN,LEN,LEN,LEN,LEN,LEN,LEN,LEN,str,000h,0,24,text,0,
1,Reserved for Future Use. Fill with 20h (Blanks),                 ,                 ,                 ,                 ,                 ,                 ,                 ,                 ,                 ,                 ,                 ,                 ,                 ,                 ,                 ,                 ,                 ,                 ,                 ,                 ,str,003h,0,136,text,0,
1,Original manufacturing 8S bar-code information. This field is left-justified with right-padding of blanks (20h),30ByteStr                     ,30ByteStr                     ,30ByteStr                     ,30ByteStr                     ,30ByteStr                     ,30ByteStr                     ,30ByteStr                     ,30ByteStr                     ,30ByteStr                     ,30ByteStr                     ,30ByteStr                     ,30ByteStr                     ,30ByteStr                     ,30ByteStr                     ,30ByteStr                     ,30ByteStr                     ,30ByteStr                     ,30ByteStr                     ,30ByteStr                     ,30ByteStr                     ,str,014h,0,240,text,0,
1,Original manufacturing Supplier Model Number. This field is left-justified with right-padding of blanks (20h),30ByteStr                     ,30ByteStr                     ,30ByteStr                     ,30ByteStr                     ,30ByteStr                     ,30ByteStr                     ,30ByteStr                     ,30ByteStr                     ,30ByteStr                     ,30ByteStr                     ,30ByteStr                     ,30ByteStr                     ,30ByteStr                     ,30ByteStr                     ,30ByteStr                     ,30ByteStr                     ,30ByteStr                     ,30ByteStr                     ,30ByteStr                     ,30ByteStr                     ,str,032h,0,240,text,0,
1,Original manufacturing Supplier Serial Number. This field is left-justified with right-padding of blanks(20h),30ByteStr                     ,30ByteStr                     ,30ByteStr                     ,30ByteStr                     ,30ByteStr                     ,30ByteStr                     ,30ByteStr                     ,30ByteStr                     ,30ByteStr                     ,30ByteStr                     ,30ByteStr                     ,30ByteStr                     ,30ByteStr                     ,30ByteStr                     ,30ByteStr                     ,30ByteStr                     ,30ByteStr                     ,30ByteStr                     ,30ByteStr                     ,30ByteStr                     ,str,050h,0,240,text,0,
1,Current 8S label as a result of any field change. This field is left-justified with right-padding of blanks (20h),30ByteStr                     ,30ByteStr                     ,30ByteStr                     ,30ByteStr                     ,30ByteStr                     ,30ByteStr                     ,30ByteStr                     ,30ByteStr                     ,30ByteStr                     ,30ByteStr                     ,30ByteStr                     ,30ByteStr                     ,30ByteStr                     ,30ByteStr                     ,30ByteStr                     ,30ByteStr                     ,30ByteStr                     ,30ByteStr                     ,30ByteStr                     ,30ByteStr                     ,str,06Eh,0,240,text,0,
1,Enable Watchdog,1h,1h,1h,1h,1h,1h,1h,1h,1h,1h,1h,1h,1h,1h,1h,1h,1h,1h,1h,1h,hex,08Ch,0,1,check,2,1h/Enable,0h/Disable,
1,PS3 Enable Power Domain 1,0h,0h,0h,0h,0h,0h,0h,0h,0h,0h,0h,0h,0h,0h,0h,0h,0h,0h,0h,0h,hex,08Dh,0,1,check,2,1h/Enable,0h/Disable,
1,Ftl Background Gc,1h,1h,1h,1h,1h,1h,1h,1h,1h,1h,1h,1h,1h,1h,1h,1h,1h,1h,1h,1h,hex,08Eh,0,1,check,2,1h/Enable,0h/Disable,
1,Ftl Cache Read ,1h,1h,1h,1h,1h,1h,1h,1h,1h,1h,1h,1h,1h,1h,1h,1h,1h,1h,1h,1h,hex,08Eh,1,1,check,2,1h/Enable,0h/Disable,
1,Ftl Cache Program,1h,1h,1h,1h,1h,1h,1h,1h,1h,1h,1h,1h,1h,1h,1h,1h,1h,1h,1h,1h,hex,08Eh,2,1,check,2,1h/Enable,0h/Disable,
1,Ftl Read Scrub,1h,1h,1h,1h,1h,1h,1h,1h,1h,1h,1h,1h,1h,1h,1h,1h,1h,1h,1h,1h,hex,08Eh,3,1,check,2,1h/Enable,0h/Disable,
1,Ftl Simulate Direct Write,0h,0h,0h,0h,0h,0h,0h,0h,0h,0h,0h,0h,0h,0h,0h,0h,0h,0h,0h,0h,hex,08Eh,4,1,check,2,1h/Enable,0h/Disable,
1,NAND Heavy Throttle temperature in degree C (Lvl3),83,83,83,83,83,83,83,83,83,83,83,83,83,83,83,83,83,83,83,83,dec,090h,0,8,text,0,
1,NAND Delta to Lvl0 fall,4,4,4,4,4,4,4,4,4,4,4,4,4,4,4,4,4,4,4,4,dec,091h,0,8,text,0,
1,NAND Showdown temperature in degree C (Lvl_SD),88,88,88,88,88,88,88,88,88,88,88,88,88,88,88,88,88,88,88,88,dec,092h,0,8,text,0,
1,ASIC Heavy Throttle temperature in degree C (Lvl3),105,105,105,105,105,105,105,105,105,105,105,105,105,105,105,105,105,105,105,105,dec,093h,0,8,text,0,
1,ASIC Delta to Lvl0 fall,4,4,4,4,4,4,4,4,4,4,4,4,4,4,4,4,4,4,4,4,dec,094h,0,8,text,0,
1,ASIC Showdown temperature in degree C (Lvl_SD),120,120,120,120,120,120,120,120,120,120,120,120,120,120,120,120,120,120,120,120,dec,095h,0,8,text,0,
1,Dasp Default Status,1h,1h,1h,1h,1h,1h,1h,1h,1h,1h,1h,1h,1h,1h,1h,1h,1h,1h,1h,1h,hex,096h,0,1,check,2,1h/Bright,0h/Dark,
1,Dasp Flashing Period,1h,1h,1h,1h,1h,1h,1h,1h,1h,1h,1h,1h,1h,1h,1h,1h,1h,1h,1h,1h,hex,097h,0,8,drop,4,0h/Period=250ms,1h/Period=500ms,2h/Period=1000ms,3h/Period=2000ms,
1,Background GC : size need to be cleaned (GB),8388608,8388608,8388608,8388608,8388608,8388608,8388608,8388608,8388608,8388608,58720256,58720256,58720256,58720256,58720256,58720256,8388608,8388608,8388608,8388608,dec,098h,0,32,drop,10,0/0GB,1048576/0.5GB,2097152/1.0GB,3145728/1.5GB,4194304/2.0GB,5242880/2.5GB,6291456/3.0GB,7340032/3.5GB,8388608/4.0GB,9437184/4.5GB,
1,Background GC : idle time to do background GC,7000,7000,7000,7000,7000,7000,7000,7000,7000,7000,7000,7000,7000,7000,7000,7000,7000,7000,7000,7000,dec,09Ch,0,32,drop,21,0/0s,500/0.5s,1000/1.0s,1500/1.5s,2000/2.0s,2500/2.5s,3000/3.0s,3500/3.5s,4000/4.0s,4500/4.5s,5000/5.0s,5500/5.5s,6000/6.0s,6500/6.5s,7000/7.0s,7500/7.5s,8000/8.0s,8500/8.5s,9000/9.0s,9500/9.5s,10000/10.0s,
1,Background GC : (smaller than)R/W data size threshold to keep timer,153600,153600,153600,153600,153600,153600,153600,153600,153600,153600,460800,460800,460800,460800,460800,460800,153600,153600,153600,153600,dec,0A0h,0,32,drop,10,0/0MB,32768/16MB,65536/32MB,153600/75MB,307200/150MB,460800/225MB,1048576/512MB,2097152/1.0GB,3145728/1.5GB,4194304/2.0GB,
1,Gc Read Back Checking,0h,0h,0h,1h,0h,1h,1h,1h,0h,1h,0h,1h,0h,0h,0h,0h,1h,0h,1h,1h,hex,0A4h,0,1,check,2,1h/Enable,0h/Disable,
1,Gc Read Back Checking with Read Retry,0h,0h,0h,0h,0h,0h,0h,0h,0h,0h,0h,0h,0h,0h,0h,0h,0h,0h,0h,0h,hex,0A5h,0,1,check,2,1h/Enable,0h/Disable,
1,Gc Read Back Checking Error Bit Threshold,50,50,50,50,50,50,50,255,255,50,255,255,255,255,255,255,50,50,50,50,dec,0A6h,0,8,text,0,
1,Gc Read Back Checking Fail Policy,1,1,1,1,1,1,1,1,1,1,1,1,1,1,1,1,1,1,1,1,dec,0A7h,0,1,drop,2,0/Partial Give Up,1/Give Up All,
1,Gc Seq Write Copy Back,0h,0h,1h,0h,1h,0h,0h,0h,0h,0h,0h,0h,0h,0h,0h,0h,1h,1h,1h,1h,hex,0A8h,0,1,check,2,1h/Enable,0h/Disable,
1,Gc Balance by Rtc Time,1h,1h,1h,1h,1h,1h,1h,1h,1h,1h,1h,1h,1h,1h,1h,1h,1h,1h,1h,1h,hex,0A9h,0,1,check,2,1h/Enable,0h/Disable,
1,Gc Reference Previous Times,5,5,5,5,5,5,5,5,5,5,5,5,5,5,5,5,5,5,5,5,dec,0AAh,0,8,text,0,
1,Gc Remain Spare Block Count,20,20,20,20,20,20,20,20,20,20,20,20,20,20,20,20,20,20,20,20,dec,0ABh,0,8,text,0,
1,Gc Balance Factor,3,3,3,3,3,3,3,3,3,3,3,3,3,3,3,3,3,3,3,3,dec,0ACh,0,8,text,0,
1,Gc Init Rtc Partial Unit,A0h,A0h,A0h,A0h,A0h,A0h,A0h,A0h,A0h,A0h,A0h,A0h,A0h,A0h,A0h,A0h,A0h,A0h,A0h,A0h,hex,0ADh,0,8,text,0,
1,Gc Auto Adjust Flush Ratio,1h,1h,1h,1h,1h,1h,1h,1h,1h,1h,1h,1h,1h,1h,1h,1h,1h,1h,1h,1h,hex,0AEh,0,1,check,2,1h/Enable,0h/Disable,
1,Gc Init Rand Avg Flush Ratio,47,47,47,47,25,55,55,55,55,42,55,55,55,55,55,55,49,49,42,49,dec,0AFh,0,8,text,0,
1,Vu State (Ffu Only),0h,0h,0h,0h,0h,0h,0h,0h,0h,0h,0h,0h,0h,0h,0h,0h,0h,0h,0h,0h,hex,0B0h,0,1,check,2,1h/Unlock,0h/Lock,
1,GC Slc Percent Of IdleGc Clean Size,30,30,30,30,30,30,30,30,30,30,0,0,0,0,0,0,30,30,30,30,dec,0B1h,0,8,text,0,
1,No Spare Mode (0: Off 1:DummyRW 2:ReadOnly),0,0,0,0,0,0,0,0,0,0,0,0,0,0,0,0,0,0,0,0,dec,0B2h,0,8,text,0,
1,TLC Open block Duration time,0,0,0,0,0,0,0,3,3,0,0,0,3,3,0,3,0,0,0,0,dec,0B3h,0,8,drop,4,0/Disable,1/15Min,2/30Min,3/60Min,
1,Percentage of SLC Cache,5,5,5,5,5,5,5,5,3,5,3,5,3,3,5,3,5,3,5,5,dec,0B4h,0,8,text,0,
WearLeveling,12,600h,
1,Fix Slc Start Wear Leveling Erase Count,0,0,0,0,0,0,0,0,0,0,0,0,0,0,0,0,0,0,0,0,dec,000h,0,16,text,0,
1,Fix Tlc Start Wear Leveling Erase Count,0,0,0,0,0,0,0,0,0,0,0,0,0,0,0,0,0,0,0,0,dec,002h,0,16,text,0,
1,Dynamic Start Wear Leveling Erase Count,0,0,0,0,0,0,0,0,0,0,0,0,0,0,0,0,0,0,0,0,dec,004h,0,16,text,0,
1,Fix Slc Min Disparity,0,0,0,0,0,0,0,0,0,0,0,0,0,0,0,0,0,0,0,0,dec,006h,0,16,text,0,
1,Fix Tlc Min Disparity,0,0,0,0,0,0,0,0,0,0,0,0,0,0,0,0,0,0,0,0,dec,008h,0,16,text,0,
1,Dynamic Min Disparity,0,0,0,0,0,0,0,0,0,0,0,0,0,0,0,0,0,0,0,0,dec,00Ah,0,16,text,0,
1,Fix Slc Max Disparity,0,0,0,0,0,0,0,0,0,0,0,0,0,0,0,0,0,0,0,0,dec,00Ch,0,16,text,0,
1,Fix Tlc Max Disparity,0,0,0,0,0,0,0,0,0,0,0,0,0,0,0,0,0,0,0,0,dec,00Eh,0,16,text,0,
1,Dynamic Max Disparity,0,0,0,0,0,0,0,0,0,0,0,0,0,0,0,0,0,0,0,0,dec,010h,0,16,text,0,
1,Wear Level Bound,100,100,100,100,100,100,100,100,100,100,100,100,100,100,100,100,50,50,50,50,dec,012h,0,16,text,0,
1,Mechanism Option,2h,2h,2h,2h,2h,2h,2h,2h,2h,2h,2h,2h,2h,2h,2h,2h,2h,2h,2h,2h,hex,014h,0,8,drop,3,0h/Disable Wear Leveling,1h/Dynamic Area using Average Erase Count with Bound Mechanism,2h/Dynamic Area using Min Erace Count with Bound Mechanism,
1,Wear Level Select Source Blk Count,1,1,2,1,1,1,1,1,1,1,1,1,1,1,1,1,1,1,1,1,dec,015h,0,8,text,0,
FwDebugView,1,620h,
1,Fw Debug View,1h,1h,1h,1h,1h,1h,1h,1h,1h,1h,1h,1h,1h,1h,1h,1h,1h,1h,1h,1h,hex,000h,0,8,check,2,1h/Enable,0h/Disable,
Flash,49,700h,
1,Erase Interval Happed Interleave way ( Bitmap),50h,50h,50h,50h,50h,50h,50h,50h,50h,50h,50h,50h,50h,50h,50h,50h,50h,50h,50h,50h,hex,000h,0,16,text,0,
1,Erase Interval Times ( N x 32738 Flash Clock),10,10,10,10,10,10,10,10,10,10,10,10,10,10,10,10,10,10,10,10,dec,002h,0,8,text,0,
1,TLC Endurance,3000,1500,3000,3000,1500,3000,3000,3000,3000,3000,3000,3000,3000,3000,3000,3000,3000,3000,3000,3000,dec,080h,0,32,text,0,
1,SLC Endurance,60000,60000,60000,60000,60000,60000,60000,60000,60000,60000,60000,60000,60000,60000,60000,60000,60000,60000,60000,60000,dec,084h,0,32,text,0,
1,Blk Fix Tlc Threshold,65535,65535,65535,65535,65535,65535,65535,65535,65535,65535,65535,65535,65535,65535,65535,65535,65535,65535,65535,65535,dec,088h,0,16,text,0,
1,Retry Do not set default,0h,1h,0h,0h,0h,0h,0h,1h,1h,0h,1h,1h,1h,1h,1h,1h,1h,1h,1h,1h,hex,08Ah,0,8,check,2,1h/Enable,0h/Disable,
1,Extra Read Retry Loop,0,0,0,0,0,0,0,0,0,0,0,0,0,0,0,0,0,0,0,0,dec,08Bh,0,8,text,0,
1,Enable Retry From SoftDecode,0h,0h,0h,0h,0h,0h,0h,0h,0h,0h,0h,0h,0h,0h,0h,0h,0h,0h,0h,0h,hex,08Ch,0,8,check,2,1h/Enable,0h/Disable,
1,TLC Prog Array Ready,0h,0h,0h,0h,0h,0h,0h,0h,0h,0h,0h,0h,0h,0h,0h,0h,0h,0h,0h,0h,hex,08Dh,0,8,check,2,1h/Enable,0h/Disable,
1,TLC Read Disturb Error bit Threshold,FFh,FFh,FFh,FFh,FFh,FFh,FFh,FFh,FFh,FFh,FFh,FFh,FFh,FFh,FFh,FFh,FFh,FFh,FFh,FFh,hex,090h,0,8,text,0,
1,TLC Read Disturb checking before RRx,0,0,0,0,0,0,0,0,0,0,0,0,0,0,0,0,0,0,0,0,dec,091h,0,8,text,0,
1,TLC Read Disturb Start Offset,0,0,0,0,0,0,0,0,0,0,0,0,0,0,0,0,0,0,0,0,dec,092h,0,8,text,0,
1,TLC Read Disturb Array Count,5,5,5,5,5,5,5,5,5,5,5,5,5,5,5,5,5,5,5,5,dec,093h,0,8,text,0,
1,SLC Read Disturb checking before RRx,0,0,0,0,0,0,0,0,0,0,0,0,0,0,0,0,0,0,0,0,dec,094h,0,8,text,0,
1,SLC Read Disturb Start Offset,0,0,0,0,0,0,0,0,0,0,0,0,0,0,0,0,0,0,0,0,dec,095h,0,8,text,0,
1,SLC Read Disturb Start Offset,5,5,5,5,5,5,5,5,5,5,5,5,5,5,5,5,5,5,5,5,dec,096h,0,8,text,0,
1,SLC Read Disturb Array Count,5,5,5,5,5,5,5,5,5,5,5,5,5,5,5,5,5,5,5,5,dec,097h,0,8,text,0,
1,Read Disturb[0]  Endurance,200,200,200,200,200,200,200,200,200,200,200,200,200,200,200,200,200,200,200,200,dec,0A0h,0,16,text,0,
1,Read Disturb[1]  Endurance,500,500,500,500,500,500,500,500,500,500,500,500,500,500,500,500,500,500,500,500,dec,0A2h,0,16,text,0,
1,Read Disturb[2]  Endurance,1000,1000,1000,1000,1000,1000,1000,1000,1000,1000,1000,1000,1000,1000,1000,1000,1000,1000,1000,1000,dec,0A4h,0,16,text,0,
1,Read Disturb[3]  Endurance,1500,1500,1500,1500,1500,1500,1500,1500,1500,1500,1500,1500,1500,1500,1500,1500,1500,1500,1500,1500,dec,0A6h,0,16,text,0,
1,Read Disturb[4]  Endurance,2000,2000,2000,2000,2000,2000,2000,2000,2000,2000,2000,2000,2000,2000,2000,2000,2000,2000,2000,2000,dec,0A8h,0,16,text,0,
1,Read Disturb[5]  Endurance,6000,6000,6000,6000,6000,6000,6000,6000,6000,6000,6000,6000,6000,6000,6000,6000,6000,6000,6000,6000,dec,0AAh,0,16,text,0,
1,Read Disturb[6]  Endurance,15000,15000,15000,15000,15000,15000,15000,15000,15000,15000,15000,15000,15000,15000,15000,15000,15000,15000,15000,15000,dec,0ACh,0,16,text,0,
1,Read Disturb[7]  Endurance,30000,30000,30000,30000,30000,30000,30000,30000,30000,30000,30000,30000,30000,30000,30000,30000,30000,30000,30000,30000,dec,0AEh,0,16,text,0,
1,Read Disturb[8]  Endurance,45000,45000,45000,45000,45000,45000,45000,45000,45000,45000,45000,45000,45000,45000,45000,45000,45000,45000,45000,45000,dec,0C0h,0,16,text,0,
1,Read Disturb[9]  Endurance,60000,60000,60000,60000,60000,60000,60000,60000,60000,60000,60000,60000,60000,60000,60000,60000,60000,60000,60000,60000,dec,0B2h,0,16,text,0,
1,Read Disturb[10] Endurance,0,0,0,0,0,0,0,0,0,0,0,0,0,0,0,0,0,0,0,0,dec,0B4h,0,16,text,0,
1,Read Disturb[11] Endurance,0,0,0,0,0,0,0,0,0,0,0,0,0,0,0,0,0,0,0,0,dec,0B6h,0,16,text,0,
1,Read Disturb[12] Endurance,0,0,0,0,0,0,0,0,0,0,0,0,0,0,0,0,0,0,0,0,dec,0B8h,0,16,text,0,
1,Read Disturb[13] Endurance,0,0,0,0,0,0,0,0,0,0,0,0,0,0,0,0,0,0,0,0,dec,0BAh,0,16,text,0,
1,Read Disturb[14] Endurance,0,0,0,0,0,0,0,0,0,0,0,0,0,0,0,0,0,0,0,0,dec,0BCh,0,16,text,0,
1,Read Disturb[15] Endurance,0,0,0,0,0,0,0,0,0,0,0,0,0,0,0,0,0,0,0,0,dec,0BEh,0,16,text,0,
1,Read Disturb[0] Read count Threshold,2950000,2950000,2950000,2950000,2950000,2950000,2950000,2950000,2950000,2950000,2950000,2950000,2950000,2950000,2950000,2950000,2950000,2950000,2950000,2950000,dec,0C0h,0,32,text,0,
1,Read Disturb[1] Read count Threshold,2544667,2544667,2544667,2544667,2544667,2544667,2544667,2544667,2544667,2544667,2544667,2544667,2544667,2544667,2544667,2544667,2544667,2544667,2544667,2544667,dec,0C4h,0,32,text,0,
1,Read Disturb[2] Read count Threshold,1869111,1869111,1869111,1869111,1869111,1869111,1869111,1869111,1869111,1869111,1869111,1869111,1869111,1869111,1869111,1869111,1869111,1869111,1869111,1869111,dec,0C8h,0,32,text,0,
1,Read Disturb[3] Read count Threshold,1193556,1193556,1193556,1193556,1193556,1193556,1193556,1193556,1193556,1193556,1193556,1193556,1193556,1193556,1193556,1193556,1193556,1193556,1193556,1193556,dec,0CCh,0,32,text,0,
1,Read Disturb[4] Read count Threshold,518000,518000,518000,518000,518000,518000,518000,518000,518000,518000,518000,518000,518000,518000,518000,518000,518000,518000,518000,518000,dec,0D0h,0,32,text,0,
1,Read Disturb[5] Read count Threshold,864000,864000,864000,864000,864000,864000,864000,864000,864000,864000,864000,864000,864000,864000,864000,864000,864000,864000,864000,864000,dec,0D4h,0,32,text,0,
1,Read Disturb[6] Read count Threshold,748667,748667,748667,748667,748667,748667,748667,748667,748667,748667,748667,748667,748667,748667,748667,748667,748667,748667,748667,748667,dec,0D8h,0,32,text,0,
1,Read Disturb[7] Read count Threshold,556445,556445,556445,556445,556445,556445,556445,556445,556445,556445,556445,556445,556445,556445,556445,556445,556445,556445,556445,556445,dec,0DCh,0,32,text,0,
1,Read Disturb[8] Read count Threshold,364222,364222,364222,364222,364222,364222,364222,364222,364222,364222,364222,364222,364222,364222,364222,364222,364222,364222,364222,364222,dec,0E0h,0,32,text,0,
1,Read Disturb[9] Read count Threshold,172000,172000,172000,172000,172000,172000,172000,172000,172000,172000,172000,172000,172000,172000,172000,172000,172000,172000,172000,172000,dec,0E4h,0,32,text,0,
1,Read Disturb[10] Read count Threshold,0,0,0,0,0,0,0,0,0,0,0,0,0,0,0,0,0,0,0,0,dec,0E8h,0,32,text,0,
1,Read Disturb[11] Read count Threshold,0,0,0,0,0,0,0,0,0,0,0,0,0,0,0,0,0,0,0,0,dec,0ECh,0,32,text,0,
1,Read Disturb[12] Read count Threshold,0,0,0,0,0,0,0,0,0,0,0,0,0,0,0,0,0,0,0,0,dec,0F0h,0,32,text,0,
1,Read Disturb[13] Read count Threshold,0,0,0,0,0,0,0,0,0,0,0,0,0,0,0,0,0,0,0,0,dec,0F4h,0,32,text,0,
1,Read Disturb[14] Read count Threshold,0,0,0,0,0,0,0,0,0,0,0,0,0,0,0,0,0,0,0,0,dec,0F8h,0,32,text,0,
1,Read Disturb[15] Read count Threshold,0,0,0,0,0,0,0,0,0,0,0,0,0,0,0,0,0,0,0,0,dec,0FCh,0,32,text,0,
Authentication,1,800h,
1,PIAModuleConnected,0h,0h,0h,0h,0h,0h,0h,0h,0h,0h,0h,0h,0h,0h,0h,0h,0h,0h,0h,0h,hex,000h,0,8,check,2,1h/Enable,0h/Disable,
2320Aging,124,E00h,
1,g16RDT_EraseFail_CntTH,7FFFh,7FFFh,7FFFh,7FFFh,7FFFh,7FFFh,7FFFh,7FFFh,7FFFh,7FFFh,7FFFh,7FFFh,7FFFh,7FFFh,7FFFh,7FFFh,7FFFh,7FFFh,7FFFh,7FFFh,hex,000h,0,16,text,0,
1,g16RDT_ProgramFail_CntTH,7FFFh,7FFFh,7FFFh,7FFFh,7FFFh,7FFFh,7FFFh,7FFFh,7FFFh,7FFFh,7FFFh,7FFFh,7FFFh,7FFFh,7FFFh,7FFFh,7FFFh,7FFFh,7FFFh,7FFFh,hex,002h,0,16,text,0,
1,g16RDT_ReadFail_CntTH,7FFFh,7FFFh,7FFFh,7FFFh,7FFFh,7FFFh,7FFFh,7FFFh,7FFFh,7FFFh,7FFFh,7FFFh,7FFFh,7FFFh,7FFFh,7FFFh,7FFFh,7FFFh,7FFFh,7FFFh,hex,004h,0,16,text,0,
1,gRDT_DRAM_Test_Loop,0h,0h,0h,0h,0h,0h,0h,0h,0h,0h,0h,0h,0h,0h,0h,0h,0h,0h,0h,0h,hex,006h,0,8,text,0,
1,gRDT_DRAM_Test_Pattern,0h,0h,0h,0h,0h,0h,0h,0h,0h,0h,0h,0h,0h,0h,0h,0h,0h,0h,0h,0h,hex,007h,0,8,text,0,
1,gRDT_Shutdown_Hang,1h,1h,1h,1h,1h,1h,1h,1h,1h,1h,1h,1h,1h,1h,1h,1h,1h,1h,1h,1h,hex,008h,0,8,text,0,
1,gRDT_Shutdown_Temperature,50h,50h,50h,50h,50h,50h,50h,50h,50h,50h,50h,50h,50h,50h,50h,50h,50h,50h,50h,50h,hex,009h,0,8,text,0,
1,g16RDT_Test_Delay_Time,3Ch,3Ch,3Ch,3Ch,3Ch,3Ch,3Ch,3Ch,3Ch,3Ch,3Ch,3Ch,3Ch,3Ch,3Ch,3Ch,3Ch,3Ch,3Ch,3Ch,hex,00Ah,0,16,text,0,
1,gRDT_TLC_Full_Die_Cycles,0h,0h,0h,0h,0h,0h,0h,0h,0h,0h,0h,0h,0h,0h,0h,0h,0h,0h,0h,0h,hex,00Ch,0,8,text,0,
1,g16RDT_TLC_Full_Die_ECC_Log_Interval,1h,1h,1h,1h,1h,1h,1h,1h,1h,1h,1h,1h,1h,1h,1h,1h,1h,1h,1h,1h,hex,00Dh,0,16,text,0,
1,g16RDT_TLC_Full_Die_ECC_Bit_Threshold_1Kbase,FFh,FFh,FFh,FFh,FFh,FFh,FFh,FFh,FFh,FFh,FFh,FFh,FFh,FFh,FFh,FFh,FFh,FFh,FFh,FFh,hex,00Fh,0,16,text,0,
1,g16RDT_TLC_Full_Die_Read_Verify_Interval,0h,0h,0h,0h,0h,0h,0h,0h,0h,0h,0h,0h,0h,0h,0h,0h,0h,0h,0h,0h,hex,011h,0,16,text,0,
1,g16RDT_TLC_Sampling_Cycle,1h,1h,1h,1h,1h,1h,1h,1h,1h,1h,1h,1h,1h,1h,1h,1h,1h,1h,1h,1h,hex,013h,0,16,text,0,
1,g16RDT_TLC_ECC_Log_Interval,1h,1h,1h,1h,1h,1h,1h,1h,1h,1h,1h,1h,1h,1h,1h,1h,1h,1h,1h,1h,hex,015h,0,16,text,0,
1,g16RDT_TLC_Sampling_Block_Quantity,Ah,Ah,Ah,Ah,Ah,Ah,Ah,Ah,Ah,Ah,Ah,Ah,Ah,Ah,Ah,Ah,Ah,Ah,Ah,Ah,hex,017h,0,16,text,0,
1,g16RDT_TLC_Start_Select_Block,1h,1h,1h,1h,1h,0h,0h,0h,0h,1h,0h,0h,0h,0h,0h,0h,1h,1h,1h,1h,hex,019h,0,16,text,0,
1,g16RDT_TLC_Dwell_Time,0h,0h,0h,0h,0h,0h,0h,0h,0h,0h,0h,0h,0h,0h,0h,0h,0h,0h,0h,0h,hex,01Bh,0,16,text,0,
1,g16RDT_Max_TLC_RDT_Bad,7FFFh,7FFFh,7FFFh,7FFFh,7FFFh,7FFFh,7FFFh,7FFFh,7FFFh,7FFFh,7FFFh,7FFFh,7FFFh,7FFFh,7FFFh,7FFFh,7FFFh,7FFFh,7FFFh,7FFFh,hex,01Dh,0,16,text,0,
1,g16RDT_TLC_Random_Block,0h,0h,0h,0h,0h,0h,0h,0h,0h,0h,0h,0h,0h,0h,0h,0h,0h,0h,0h,0h,hex,01Fh,0,16,text,0,
1,g16RDT_TLC_End_Select_Block,6Eh,6Eh,6Eh,6Eh,6Eh,6Eh,6Eh,6Eh,6Eh,6Eh,6Eh,6Eh,6Eh,6Eh,6Eh,6Eh,6Eh,6Eh,6Eh,6Eh,hex,021h,0,16,text,0,
1,g16RDT_TLC_Sampling_ECC_Bit_Threshold_1Kbase,FFh,FFh,FFh,FFh,FFh,FFh,FFh,FFh,FFh,FFh,FFh,FFh,FFh,FFh,FFh,FFh,FFh,FFh,FFh,FFh,hex,023h,0,16,text,0,
1,g16RDT_SLC_Sampling_Read_Verify_Interval,0h,0h,0h,0h,0h,0h,0h,0h,0h,0h,0h,0h,0h,0h,0h,0h,0h,0h,0h,0h,hex,025h,0,16,text,0,
1,g16RDT_TLC_Sampling_Read_Verify_Interval,0h,0h,0h,0h,0h,0h,0h,0h,0h,0h,0h,0h,0h,0h,0h,0h,0h,0h,0h,0h,hex,027h,0,16,text,0,
1,g16RDT_SLC_Sampling_Read_Verify_Interval_Disable,0h,0h,0h,0h,0h,0h,0h,0h,0h,0h,0h,0h,0h,0h,0h,0h,0h,0h,0h,0h,hex,029h,0,16,text,0,
1,g16RDT_TLC_Sampling_Read_Verify_Interval_Disable,0h,0h,0h,0h,0h,0h,0h,0h,0h,0h,0h,0h,0h,0h,0h,0h,0h,0h,0h,0h,hex,02Bh,0,16,text,0,
1,g16RDT_SLC_Full_Die_Read_Verify_Interval_Disable,0h,0h,0h,0h,0h,0h,0h,0h,0h,0h,0h,0h,0h,0h,0h,0h,0h,0h,0h,0h,hex,02Dh,0,16,text,0,
1,g16RDT_TLC_Full_Die_Read_Verify_Interval_Disable,0h,0h,0h,0h,0h,0h,0h,0h,0h,0h,0h,0h,0h,0h,0h,0h,0h,0h,0h,0h,hex,02Fh,0,16,text,0,
1,gRDT_SLC_Full_Die_Cycles,0h,0h,0h,0h,0h,0h,0h,0h,0h,0h,0h,0h,0h,0h,0h,0h,0h,0h,0h,0h,hex,031h,0,8,text,0,
1,g16RDT_SLC_Full_Die_ECC_Log_Interval,1h,1h,1h,1h,1h,1h,1h,1h,1h,1h,1h,1h,1h,1h,1h,1h,1h,1h,1h,1h,hex,032h,0,16,text,0,
1,g16RDT_SLC_Full_Die_ECC_Bit_Threshold_1Kbase,FFh,FFh,FFh,FFh,FFh,FFh,FFh,FFh,FFh,FFh,FFh,FFh,FFh,FFh,FFh,FFh,FFh,FFh,FFh,FFh,hex,034h,0,16,text,0,
1,g16RDT_SLC_Full_Die_Read_Verify_Interval,0h,0h,0h,0h,0h,0h,0h,0h,0h,0h,0h,0h,0h,0h,0h,0h,0h,0h,0h,0h,hex,036h,0,16,text,0,
1,g16RDT_SLC_Sampling_Cycle,1h,1h,1h,1h,1h,1h,1h,1h,1h,1h,1h,1h,1h,1h,1h,1h,1h,1h,1h,1h,hex,038h,0,16,text,0,
1,g16RDT_SLC_ECC_Log_Interval,1h,1h,1h,1h,1h,1h,1h,1h,1h,1h,1h,1h,1h,1h,1h,1h,1h,1h,1h,1h,hex,03Ah,0,16,text,0,
1,g16RDT_SLC_Sampling_Block_Quantity,14h,14h,14h,14h,14h,14h,14h,14h,14h,14h,14h,14h,14h,14h,14h,14h,14h,14h,14h,14h,hex,03Ch,0,16,text,0,
1,g16RDT_SLC_Start_Select_Block,1h,1h,1h,1h,1h,0h,0h,0h,0h,1h,0h,0h,0h,0h,0h,0h,1h,1h,1h,1h,hex,03Eh,0,16,text,0,
1,g16RDT_SLC_Dwell_Time,3h,3h,3h,3h,3h,3h,3h,3h,3h,3h,3h,3h,3h,3h,3h,3h,3h,3h,3h,3h,hex,040h,0,16,text,0,
1,g16RDT_SLC_Sampling_ECC_Bit_Threshold_1Kbase,FFh,FFh,FFh,FFh,FFh,FFh,FFh,FFh,FFh,FFh,FFh,FFh,FFh,FFh,FFh,FFh,FFh,FFh,FFh,FFh,hex,042h,0,16,text,0,
1,g16RDT_Max_SLC_RDT_Bad,7FFFh,7FFFh,7FFFh,7FFFh,7FFFh,7FFFh,7FFFh,7FFFh,7FFFh,7FFFh,7FFFh,7FFFh,7FFFh,7FFFh,7FFFh,7FFFh,7FFFh,7FFFh,7FFFh,7FFFh,hex,044h,0,16,text,0,
1,g16RDT_SLC_End_Select_Block,6Eh,6Eh,6Eh,6Eh,6Eh,6Eh,6Eh,6Eh,6Eh,6Eh,6Eh,6Eh,6Eh,6Eh,6Eh,6Eh,6Eh,6Eh,6Eh,6Eh,hex,046h,0,16,text,0,
1,g16RDT_SLC_Random_Block,0h,0h,0h,0h,0h,0h,0h,0h,0h,0h,0h,0h,0h,0h,0h,0h,0h,0h,0h,0h,hex,048h,0,16,text,0,
1,gRDT_Mark_Bad,1h,1h,1h,1h,1h,1h,1h,1h,1h,1h,1h,1h,1h,1h,1h,1h,1h,1h,1h,1h,hex,04Ah,0,8,text,0,
1,gRDT_Preload_Data,0h,0h,0h,0h,0h,0h,0h,0h,0h,0h,0h,0h,0h,0h,0h,0h,0h,0h,0h,0h,hex,04Bh,0,8,text,0,
1,g16RDT_Flash_IO_Test_Count,0h,0h,0h,0h,0h,3E8h,3E8h,3E8h,3E8h,0h,3E8h,3E8h,3E8h,3E8h,3E8h,3E8h,0h,0h,0h,0h,hex,04Ch,0,16,text,0,
1,g16RDT_Max_SLC_Total_Bad,3E8h,3E8h,3E8h,3E8h,3E8h,3E8h,3E8h,3E8h,3E8h,3E8h,3E8h,3E8h,3E8h,3E8h,3E8h,3E8h,3E8h,3E8h,3E8h,3E8h,hex,04Eh,0,16,text,0,
1,g16RDT_Max_TLC_Total_Bad,3E8h,3E8h,3E8h,3E8h,3E8h,3E8h,3E8h,3E8h,3E8h,3E8h,3E8h,3E8h,3E8h,3E8h,3E8h,3E8h,3E8h,3E8h,3E8h,3E8h,hex,050h,0,16,text,0,
1,g16RDT_Time_Temperature_Interval,1Eh,1Eh,1Eh,1Eh,1Eh,1Eh,1Eh,1Eh,1Eh,1Eh,1Eh,1Eh,1Eh,1Eh,1Eh,1Eh,1Eh,1Eh,1Eh,1Eh,hex,052h,0,16,text,0,
1,gRDT_IO_Test_Pattern0,55h,55h,55h,55h,55h,55h,55h,55h,55h,55h,55h,55h,55h,55h,55h,55h,55h,55h,55h,55h,hex,054h,0,8,text,0,
1,gRDT_IO_Test_Pattern1,AAh,AAh,AAh,AAh,AAh,AAh,AAh,AAh,AAh,AAh,AAh,AAh,AAh,AAh,AAh,AAh,AAh,AAh,AAh,AAh,hex,055h,0,8,text,0,
1,gRDT_IO_Test_Pattern2,5Ah,5Ah,5Ah,5Ah,5Ah,5Ah,5Ah,5Ah,5Ah,5Ah,5Ah,5Ah,5Ah,5Ah,5Ah,5Ah,5Ah,5Ah,5Ah,5Ah,hex,056h,0,8,text,0,
1,gRDT_IO_Test_Pattern3,A5h,A5h,A5h,A5h,A5h,A5h,A5h,A5h,A5h,A5h,A5h,A5h,A5h,A5h,A5h,A5h,A5h,A5h,A5h,A5h,hex,057h,0,8,text,0,
1,gRDT_DRAM_Test_Cycles,Ah,Ah,Ah,Ah,Ah,Ah,Ah,Ah,Ah,Ah,Ah,Ah,Ah,Ah,Ah,Ah,Ah,Ah,Ah,Ah,hex,058h,0,8,text,0,
1,gRDT_Burnin_Test,0h,0h,0h,0h,0h,0h,0h,0h,0h,0h,0h,0h,0h,0h,0h,0h,0h,0h,0h,0h,hex,059h,0,8,text,0,
1,g16RDT_Test_BlkNum,152h,152h,152h,152h,152h,152h,152h,152h,152h,152h,152h,152h,152h,152h,152h,152h,152h,152h,152h,152h,hex,05Ah,0,16,text,0,
1,gSLCFullDieDummyCycles,0h,0h,0h,0h,0h,0h,0h,0h,0h,0h,1h,1h,1h,1h,1h,1h,0h,0h,0h,0h,hex,05Ch,0,8,text,0,
1,gTLCFullDieDummyCycles,0h,0h,0h,0h,0h,0h,0h,0h,0h,0h,1h,1h,1h,1h,1h,1h,0h,0h,0h,0h,hex,05Dh,0,8,text,0,
1,gSLCSamplingDummyCycles,0h,0h,0h,0h,0h,0h,0h,0h,0h,0h,0h,0h,0h,0h,0h,0h,0h,0h,0h,0h,hex,05Eh,0,8,text,0,
1,gTLCSamplingDummyCycles,0h,0h,0h,0h,0h,0h,0h,0h,0h,0h,0h,0h,0h,0h,0h,0h,0h,0h,0h,0h,hex,05Fh,0,8,text,0,
1,Enable Multi-CE,1h,1h,1h,1h,1h,1h,1h,1h,1h,1h,1h,1h,1h,1h,1h,1h,1h,1h,1h,1h,hex,060h,0,8,check,2,1h/Enable,0h/Disable,
1,Light P16,1h,1h,1h,1h,1h,1h,1h,1h,1h,1h,1h,1h,1h,1h,1h,1h,1h,1h,1h,1h,hex,061h,0,1,check,2,1h/Enable,0h/Disable,
1,Ligth P26,1h,1h,1h,1h,1h,0h,0h,0h,0h,1h,0h,0h,0h,0h,0h,0h,1h,1h,1h,1h,hex,061h,1,1,check,2,1h/Enable,0h/Disable,
1,SLC No readCycle,0h,0h,0h,0h,0h,0h,0h,0h,0h,0h,0h,0h,0h,0h,0h,0h,0h,0h,0h,0h,hex,062h,0,16,text,0,
1,TLC No Read Cycle,0h,0h,0h,0h,0h,0h,0h,0h,0h,0h,0h,0h,0h,0h,0h,0h,0h,0h,0h,0h,hex,064h,0,16,text,0,
1,SLC Repeat Read Cycle,0h,0h,0h,0h,0h,0h,0h,0h,0h,0h,0h,0h,0h,0h,0h,0h,0h,0h,0h,0h,hex,066h,0,16,text,0,
1,TLC Repeat Read Cycle,0h,0h,0h,0h,0h,0h,0h,0h,0h,0h,0h,0h,0h,0h,0h,0h,0h,0h,0h,0h,hex,068h,0,16,text,0,
1,Mt1_threshold,51h,41h,41h,51h,51h,51h,51h,51h,51h,51h,51h,51h,51h,51h,51h,51h,51h,51h,51h,51h,hex,06Ah,0,8,text,0,
1,Mt1_delta_temperature,4h,7h,7h,4h,4h,4h,4h,4h,4h,4h,4h,4h,4h,4h,4h,4h,4h,4h,4h,4h,hex,06Bh,0,8,text,0,
1,Mt2_threshold,55h,43h,43h,55h,55h,55h,55h,55h,55h,55h,55h,55h,55h,55h,55h,55h,55h,55h,55h,55h,hex,06Ch,0,8,text,0,
1,Mt2_delta_temperature,4h,7h,7h,4h,4h,4h,4h,4h,4h,4h,4h,4h,4h,4h,4h,4h,4h,4h,4h,4h,hex,06Dh,0,8,text,0,
1,Mt3_shut_down_threshold,5Ah,45h,45h,5Ah,5Ah,5Ah,5Ah,5Ah,5Ah,5Ah,5Ah,5Ah,5Ah,5Ah,5Ah,5Ah,5Ah,5Ah,5Ah,5Ah,hex,06Eh,0,8,text,0,
1,Mt1_Delay_time,5h,5h,5h,5h,5h,5h,5h,5h,5h,5h,5h,5h,5h,5h,5h,5h,5h,5h,5h,5h,hex,06Fh,0,8,text,0,
1,Mt2_Delay_time,5h,5h,5h,5h,5h,5h,5h,5h,5h,5h,5h,5h,5h,5h,5h,5h,5h,5h,5h,5h,hex,070h,0,8,text,0,
1,Retry_shutdown_script,0h,0h,0h,0h,0h,0h,0h,0h,0h,0h,0h,0h,0h,0h,0h,0h,0h,0h,0h,0h,hex,071h,0,8,text,0,
1,Check_temperature_frequency,1h,1h,1h,1h,1h,1h,1h,1h,1h,1h,1h,1h,1h,1h,1h,1h,1h,1h,1h,1h,hex,072h,0,8,text,0,
1,temperature_Delay_limit,FFh,FFh,FFh,FFh,FFh,FFh,FFh,FFh,FFh,FFh,FFh,FFh,FFh,FFh,FFh,FFh,FFh,FFh,FFh,FFh,hex,073h,0,8,text,0,
1,Light Mode Others,0h,0h,0h,0h,0h,0h,0h,0h,0h,0h,0h,0h,0h,0h,0h,0h,0h,0h,0h,0h,hex,074h,0,1,check,2,1h/Enable,0h/Disable,
1,MaxHostSpeed,5h,5h,5h,5h,5h,5h,5h,5h,5h,5h,5h,5h,5h,5h,5h,5h,5h,5h,5h,5h,hex,075h,0,8,text,0,
1,LedMode01Bright,2h,2h,2h,2h,2h,2h,2h,2h,2h,2h,2h,2h,2h,2h,2h,2h,2h,2h,2h,2h,hex,076h,0,8,text,0,
1,LedMode01Dark,12h,12h,12h,12h,12h,12h,12h,12h,12h,12h,12h,12h,12h,12h,12h,12h,12h,12h,12h,12h,hex,077h,0,8,text,0,
1,LedMode01BrightOther,Ch,Ch,Ch,Ch,Ch,5h,5h,5h,5h,Ch,5h,5h,5h,5h,5h,5h,Ch,Ch,Ch,Ch,hex,078h,0,8,text,0,
1,LedMode01DarkOther,Ch,Ch,Ch,Ch,Ch,5h,5h,5h,5h,Ch,5h,5h,5h,5h,5h,5h,Ch,Ch,Ch,Ch,hex,079h,0,8,text,0,
1,LedMode02Bright,2h,2h,2h,2h,2h,2h,2h,2h,2h,2h,2h,2h,2h,2h,2h,2h,2h,2h,2h,2h,hex,07Ah,0,8,text,0,
1,LedMode02Dark,12h,12h,12h,12h,12h,12h,12h,12h,12h,12h,12h,12h,12h,12h,12h,12h,12h,12h,12h,12h,hex,07Bh,0,8,text,0,
1,LedMode02BrightOther,5h,5h,5h,5h,5h,5h,5h,5h,5h,5h,5h,5h,5h,5h,5h,5h,5h,5h,5h,5h,hex,07Ch,0,8,text,0,
1,LedMode02DarkOther,5h,5h,5h,5h,5h,5h,5h,5h,5h,5h,5h,5h,5h,5h,5h,5h,5h,5h,5h,5h,hex,07Dh,0,8,text,0,
1,LedMode03Bright,1h,1h,1h,1h,1h,1h,1h,1h,1h,1h,1h,1h,1h,1h,1h,1h,1h,1h,1h,1h,hex,07Eh,0,8,text,0,
1,LedMode03Dark,0h,0h,0h,0h,0h,0h,0h,0h,0h,0h,0h,0h,0h,0h,0h,0h,0h,0h,0h,0h,hex,07Fh,0,8,text,0,
1,LedMode03BrightOther,1h,1h,1h,1h,1h,1h,1h,1h,1h,1h,1h,1h,1h,1h,1h,1h,1h,1h,1h,1h,hex,080h,0,8,text,0,
1,LedMode03DarkOther,0h,0h,0h,0h,0h,0h,0h,0h,0h,0h,0h,0h,0h,0h,0h,0h,0h,0h,0h,0h,hex,081h,0,8,text,0,
1,LedMode04Bright,2h,2h,2h,2h,2h,2h,2h,2h,2h,2h,2h,2h,2h,2h,2h,2h,2h,2h,2h,2h,hex,082h,0,8,text,0,
1,LedMode04Dark,2h,2h,2h,2h,2h,2h,2h,2h,2h,2h,2h,2h,2h,2h,2h,2h,2h,2h,2h,2h,hex,083h,0,8,text,0,
1,LedMode04BrightOther,1h,1h,1h,1h,1h,2h,2h,2h,2h,1h,2h,2h,2h,2h,2h,2h,1h,1h,1h,1h,hex,084h,0,8,text,0,
1,LedMode04DarkOther,1h,1h,1h,1h,1h,2h,2h,2h,2h,1h,2h,2h,2h,2h,2h,2h,1h,1h,1h,1h,hex,085h,0,8,text,0,
1,LedMode05Bright,1h,1h,1h,1h,1h,1h,1h,1h,1h,1h,1h,1h,1h,1h,1h,1h,1h,1h,1h,1h,hex,086h,0,8,text,0,
1,LedMode05Dark,0h,0h,0h,0h,0h,0h,0h,0h,0h,0h,0h,0h,0h,0h,0h,0h,0h,0h,0h,0h,hex,087h,0,8,text,0,
1,LedMode05BrightOther,1h,1h,1h,1h,1h,1h,1h,1h,1h,1h,1h,1h,1h,1h,1h,1h,1h,1h,1h,1h,hex,088h,0,8,text,0,
1,LedMode05DarkOther,0h,0h,0h,0h,0h,0h,0h,0h,0h,0h,0h,0h,0h,0h,0h,0h,0h,0h,0h,0h,hex,089h,0,8,text,0,
1,LedMode06Bright,2h,2h,2h,2h,2h,2h,2h,2h,2h,2h,2h,2h,2h,2h,2h,2h,2h,2h,2h,2h,hex,08Ah,0,8,text,0,
1,LedMode06Dark,2h,2h,2h,2h,2h,2h,2h,2h,2h,2h,2h,2h,2h,2h,2h,2h,2h,2h,2h,2h,hex,08Bh,0,8,text,0,
1,LedMode06BrightOther,2h,2h,2h,2h,2h,2h,2h,2h,2h,2h,2h,2h,2h,2h,2h,2h,2h,2h,2h,2h,hex,08Ch,0,8,text,0,
1,LedMode06DarkOther,2h,2h,2h,2h,2h,2h,2h,2h,2h,2h,2h,2h,2h,2h,2h,2h,2h,2h,2h,2h,hex,08Dh,0,8,text,0,
1,LedMode07Bright,2h,2h,2h,2h,2h,2h,2h,2h,2h,2h,2h,2h,2h,2h,2h,2h,2h,2h,2h,2h,hex,08Eh,0,8,text,0,
1,LedMode07Dark,0h,0h,0h,0h,0h,0h,0h,0h,0h,0h,0h,0h,0h,0h,0h,0h,0h,0h,0h,0h,hex,08Fh,0,8,text,0,
1,LedMode07BrightOther,2h,2h,2h,2h,2h,32h,32h,32h,32h,2h,32h,32h,32h,32h,32h,32h,2h,2h,2h,2h,hex,090h,0,8,text,0,
1,LedMode07DarkOther,0h,0h,0h,0h,0h,Ah,Ah,Ah,Ah,0h,Ah,Ah,Ah,Ah,Ah,Ah,0h,0h,0h,0h,hex,091h,0,8,text,0,
1,LedMode08Bright,2h,2h,2h,2h,2h,2h,2h,2h,2h,2h,2h,2h,2h,2h,2h,2h,2h,2h,2h,2h,hex,092h,0,8,text,0,
1,LedMode08Dark,2h,2h,2h,2h,2h,2h,2h,2h,2h,2h,2h,2h,2h,2h,2h,2h,2h,2h,2h,2h,hex,093h,0,8,text,0,
1,LedMode08BrightOther,2h,2h,2h,2h,2h,2h,2h,2h,2h,2h,2h,2h,2h,2h,2h,2h,2h,2h,2h,2h,hex,094h,0,8,text,0,
1,LedMode08DarkOther,2h,2h,2h,2h,2h,2h,2h,2h,2h,2h,2h,2h,2h,2h,2h,2h,2h,2h,2h,2h,hex,095h,0,8,text,0,
1,g16MaxRDTBadPerDie,7FFFh,7FFFh,7FFFh,7FFFh,7FFFh,7FFFh,7FFFh,7FFFh,7FFFh,7FFFh,7FFFh,7FFFh,7FFFh,7FFFh,7FFFh,7FFFh,7FFFh,7FFFh,7FFFh,7FFFh,hex,3F8h,0,16,text,0,
1,ISPType,0h,0h,0h,0h,0h,0h,0h,0h,0h,0h,0h,0h,0h,0h,0h,0h,0h,0h,0h,0h,hex,3FAh,0,8,text,0,
1,bRsrvMetaSLCOnly,0h,0h,1h,0h,0h,0h,0h,0h,1h,0h,1h,0h,1h,1h,1h,1h,0h,1h,0h,0h,hex,3FBh,0,1,text,0,
1,bResetToRetry,0h,0h,0h,0h,0h,0h,0h,0h,0h,0h,0h,0h,0h,0h,0h,0h,0h,0h,0h,0h,hex,3FBh,1,1,text,0,
1,bEnReadRetry,0h,0h,1h,0h,0h,0h,0h,0h,0h,0h,0h,0h,0h,0h,0h,0h,0h,0h,0h,0h,hex,3FBh,2,1,text,0,
1,bEnTTBySleep,0h,1h,1h,1h,0h,0h,0h,0h,0h,0h,1h,0h,0h,0h,0h,0h,1h,1h,0h,1h,hex,3FBh,3,1,text,0,
1,bDisableTT,0h,0h,0h,0h,0h,0h,0h,0h,0h,0h,0h,0h,0h,0h,0h,0h,0h,0h,0h,0h,hex,3FBh,4,1,text,0,
1,bEnReRead,0h,0h,0h,0h,0h,0h,0h,0h,0h,0h,0h,0h,0h,0h,0h,0h,0h,0h,0h,0h,hex,3FBh,5,1,text,0,
1,bEnProgThenRead,0h,0h,0h,0h,0h,0h,0h,0h,0h,0h,0h,0h,0h,0h,0h,0h,0h,0h,0h,0h,hex,3FBh,6,1,text,0,
1,XS1000Cap,0h,0h,0h,0h,0h,0h,0h,0h,0h,0h,0h,0h,0h,0h,0h,0h,0h,0h,0h,0h,hex,3FBh,7,1,text,0,
1,SpareRatio,0h,0h,0h,0h,0h,0h,0h,40h,40h,0h,0h,0h,0h,0h,0h,0h,0h,0h,0h,0h,hex,3FCh,0,16,text,0,
1,ProgDelayWay,0h,0h,0h,0h,0h,0h,0h,0h,0h,0h,0h,4h,4h,4h,4h,4h,0h,0h,0h,0h,hex,3FEh,0,8,text,0,
1,ProgDelayTime,0h,0h,0h,0h,0h,0h,0h,0h,0h,0h,0h,14h,14h,14h,14h,14h,0h,0h,0h,0h,hex,3FFh,0,8,text,0,
1,Meta block start block,1h,1h,1h,1h,1h,1h,1h,1h,1h,1h,1h,1h,1h,1h,1h,1h,1h,1h,1h,1h,hex,400h,0,16,text,0,
1,Meta block End block,4h,4h,4h,4h,4h,20h,20h,20h,20h,4h,20h,20h,20h,20h,20h,20h,8h,8h,4h,4h,hex,402h,0,16,text,0,
1,RsvStaticSLCNum,0h,0h,0h,0h,0h,0h,0h,0h,0h,0h,0h,0h,0h,0h,0h,0h,0h,0h,0h,6h,hex,404h,0,8,text,0,
Reserve,6,1E00h,
1,Reserve,0h,0h,0h,0h,0h,0h,0h,0h,0h,0h,0h,0h,0h,0h,0h,0h,0h,0h,0h,0h,hex,000h,0,64,text,0,
1,uarKeyManifestHash,0h,0h,0h,0h,0h,0h,0h,0h,0h,0h,0h,0h,0h,0h,0h,0h,0h,0h,0h,0h,hex,008h,0,256,text,0,
1,u32SmartLogIgnoreBitTab,0h,0h,0h,0h,0h,0h,0h,0h,0h,0h,0h,0h,0h,0h,0h,0h,0h,0h,0h,0h,hex,028h,0,32,text,0,
1,uarInquiryVersion,0h,0h,0h,0h,0h,0h,0h,0h,0h,0h,0h,0h,0h,0h,0h,0h,0h,0h,0h,0h,hex,02Ch,0,32,text,0,
1,uarP26Control,0h,0h,0h,0h,0h,0h,0h,0h,0h,0h,0h,0h,0h,0h,0h,0h,0h,0h,0h,0h,hex,030h,0,8,text,0,
1,uarP20ForOneTouchBackup,0h,0h,0h,0h,0h,0h,0h,0h,0h,0h,0h,0h,0h,1h,0h,0h,0h,0h,0h,0h,hex,031h,0,8,text,0,
LsDateCode,1,3FF0h,
1,1,V0623A Ls      ,V0623A Ls      ,V0623A Ls      ,W0530A Ls      ,V0623A Ls      ,W0918A Ls      ,W0918A Ls      ,W0517A Ls      ,W0517A Ls      ,V0711A Ls      ,W0517A Ls      ,W0517A Ls      ,W0517A Ls      ,W0517A Ls      ,W0517A Ls      ,W0517A Ls      ,W0104A Ls      ,W0104A Ls      ,W0104A Ls      ,W1228A Ls      ,str,000h,0,128,text,0,
